Institution,Amount,canton
Abt. Industriegüter- & Technologiemarketing Inst. für Marketing und Unternehmensführung Universität Bern,5.345,BE
Abt. für Pädiatrische Intensivbehandlung Medizinische Universitäts-Kinderklinik Inselspital,3.6,address unfound
Abteilung Biochemie Biozentrum Universität Basel,12.2,BS
Abteilung Gastroenterologie Departement Klinische Forschung Universität Bern,180.0,BE
Abteilung Marketing Inst. für Marketing und Unternehmensführung Universität Bern,7.0,BE
Abteilung Molekulare Pathobiologie Vetsuisse-Fakultät Universität Bern,180.0,BE
Abteilung Pharmakologie/Neurobiologie Biozentrum der Universität Basel,10.45,BS
Abteilung Populationsgenetik Institut für Ökologie und Evolution Universität Bern,5.61,BE
Abteilung c2d Zentrum für Demokratie Aarau Universität Zürich,8.2,ZH
Abteilung für Hochleistungskeramik Eidg. Materialprüfungs- und Forschungsanstalt (EMPA),1.87,address unfound
Abteilung für Neuropsychologie Zentrum für Kognitionswissenschaften Universität Bremen,7.87,Institution not in Switzerland
Alaska Volcano Observatory United State Geological Survey,11.35,Institution not in Switzerland
Anatomisches Institut Universität Zürich,4.111,ZH
Anderson School of Management (UCLA) University of California,12.0,Institution not in Switzerland
Anthropologisches Institut und Museum Universität Zürich-Irchel,5.61,address unfound
Aquatic Ecology  Eawag,9.5,address unfound
Architektur und Bauprozess Institut für Technologie in der Architektur ETH Zürich,0.75,ZH
Archivio di Stato del Canton Ticino,5.61,TI
Armenian Agricultural Academy,50.0,address unfound
Ashworth Laboratories Institute of Evolutionary Biology The University of Edinburgh,1.76,Institution not in Switzerland
Atmospheric and Environmental Research Inc.,10.5,address unfound
BESSY GmbH Berliner Synchrotron,5.79,address unfound
Bangor University School of History Welsh History and Archeaology,11.325,Institution not in Switzerland
Bielefeld Graduate School in History and Sociology Bielefeld University,4.3,Institution not in Switzerland
Bioengineering Institute University of Auckland Level 6,13.16,address unfound
Biozentrum der Universität Basel Systembiologie,120.0,address unfound
Botanisches Institut Universität Basel,5.2,BS
Business School Korea University,2.2,address unfound
CABI,4.35,Institution not in Switzerland
CAS Key Laboratory of Organic Solid Institute of Chemistry The Chinese Academy of Sciences,2.1,address unfound
CER-ETH Resource Economics ETH Zurich,6.425,address unfound
CERN,3.0,Institution not in Switzerland
CERN Division PPE,10.5,address unfound
CHUV Service de Chirurgie,8.3,address unfound
CReAM Department of Economics University College London,9.3,Institution not in Switzerland
CSIRO Marine and Atmospheric Research,11.0,address unfound
Cardiac and Vascular Surgery Fondazione Cardiologico Monzino IRCCS University of Milan,0.165,Institution not in Switzerland
Catholic University of Bukavu,4.5,Institution not in Switzerland
Cavendish Laboratory Department of Physics University of Cambridge,138.96,Institution not in Switzerland
Cell migration and neuritogenesis Department Biomedizin Universität Basel,150.0,address unfound
"Center for Arab and Middle Eastern Studies (CAMES), American University Beirut",13.66,Institution not in Switzerland
Center for Environmental Remote Sensing CEReS Chiba University,1.76,address unfound
Center for Health Service Research University of Newcastle upon Tyne,11.1,Institution not in Switzerland
Center for Information Technology an Society  University of California,10.5,Institution not in Switzerland
Center for Knowledge and Innovation Research (CKIR) Helsiniki School of Economics,6.675,address unfound
Center for Snow and Avalanche Studies CSAS,5.71,address unfound
Center of Economic Research (CER)  ETH Zürich,9.04,ZH
Centre Camille-Jullian Maison Méditerranéenne des Sciences de l'Homme,11.3,address unfound
Centre Interfacultaire en Sciences Affectives (CISA) Université de Genève,12.9,GE
"Centre OMS de recherche et de formation en immunologie, Département de Pathologie, CMU",180.0,address unfound
Centre Universitaire d'Informatique Université de Genève,11.22,GE
Centre de Neurosciences Psychiatriques Hôpital de Cery,150.0,address unfound
Centre de recherches en physique des plasmas EPFL - SB - CRPP,4.5,address unfound
Centre for African Studies University of Cape Town,10.49,Institution not in Switzerland
Centre for Ecology and Hydrology CEH Monks Wood Abbots Ripton,0.4,Institution not in Switzerland
Chair of Anglo-American and Comparative Law School of Law University of Lucerne,3.0,LU
Chaire IRP en réparation de la moëlle épinière EPFL - SV - BMI - UPCOURTINE,180.0,address unfound
Chaire d'Anthropologie Sociale Faculté des sciences économiques et sociales Université de Fribourg,2.7,FR
Chaire de Droit Faculté ENAC- Section SIE EPFL,11.0,VD
Chaire de mathématiques algébriques discrètes EPFL - SB - IMB - MAD,10.87,address unfound
Chaire des structures algébriques et géométriques EPFL-SB-MATHGEOM-CSAG,30.48,address unfound
Christkatholische und Evangelische Theologische Fakultät Universität Bern,7.0,BE
Cognitive and Decision Sciences Fakultät für Psychologie Universität Basel,3.2,address unfound
College of Humanities and Social Sciences Massey University,13.4,Institution not in Switzerland
Collegium Helveticum Semper-Sternwarte ETH - Zentrum,20.5,address unfound
Columbia University Institute for Tele-Information Graduate School of Business,8.2,address unfound
Committee on Social Thought The University of Chicago,0.7,Institution not in Switzerland
Conservatorio della Svizzera Italiana Scuola universitaria professionale della Svizzera italiana,12.3,address unfound
Cornelia Goethe Centrum Johann Wolfgang Goethe-Universität,6.125,address unfound
Corpus Christi College University of Oxford,8.375,Institution not in Switzerland
Denison University,9.34,Institution not in Switzerland
Departamento de Geologia UFRN Campus Universitario,7.37,address unfound
Departamento de Teoria e Prática de Ensino Universidade Federal do Paraná,12.9,address unfound
Departement Architektur ETH Zürich,11.35,ZH
Departement Biomedizin Universität Basel,360.0,BS
Departement Chemie und Angewandte Biowissenschaften ETH  Zürich,4.34,ZH
Departement Erdwissenschaften ETH Zürich,4.96,ZH
Departement Erziehungswissenschaften Universität Freiburg,10.82,Institution not in Switzerland
Departement Forschung und Entwicklung Pädagogische Hochschule Zürich,10.746,ZH
"Departement Geographie, SIE Universität Zürich",8.0,ZH
Departement Geschichte Universität Basel,25.2,BS
Departement Klinische Forschung (DKF) Universität Bern,3.5,BE
Departement Klinische Forschung Inselspital Bern Universität Bern,180.0,BE
Departement Klinische Forschung Universität Bern,360.0,BE
Departement Mathematik ETH Zürich,171.726,ZH
Departement Physik Universität Basel,14.4,BS
Departement Umweltsystemwissenschaften ETH Zürich IBP / D-USYS,10.0,address unfound
Departement für Chemie und Biochemie Universität Bern,13.600000000000001,BE
"Departement für Sport, Bewegung und Gesundhe Universität Basel",6.05,BS
Departement für öffentliches Recht Universität Freiburg,7.55,Institution not in Switzerland
Department of Cancer Research and Mol. Med.  Norwegian University for Science and Technol,429.0,address unfound
Department of Cell Biology Erasmus University Medical Center,10.95,address unfound
Department of Chemical Engineering Princeton University,9.0,Institution not in Switzerland
Department of Civil Engineering University of Stellenbosch,12.36,Institution not in Switzerland
Department of Clinical Physiology University Hospital,11.0,address unfound
Department of Computer Engineering Sejong University,9.333,address unfound
Department of Dermatology Department of Molecular & Cellular Biology Baylor College of Medecine,8.25,address unfound
Department of Earth Sciences University of Bristol,2.36,Institution not in Switzerland
Department of Electrical Engineering and Computer Sciences University of California at Berkeley,10.5,Institution not in Switzerland
Department of Electronics University of York,1.675,Institution not in Switzerland
Department of English Hampden-Sydney College,4.43,address unfound
Department of Environmental Health Harvard School of Public Health,7.25,address unfound
Department of Geography Kings College London University of London,15.89,Institution not in Switzerland
Department of Geography University of Durham,2.23,address unfound
Department of Geography University of Otago,13.5,Institution not in Switzerland
Department of Geology The Australian National University,4.7,Institution not in Switzerland
Department of German language and literature studies Al-Azhar University,3.4,address unfound
Department of Historical Studies University of Cape Town,10.0,Institution not in Switzerland
Department of Mathematics & Statistics University of Lancaster,7.6,Institution not in Switzerland
Department of Near Eastern Languages and Civilizations University of Chicago,9.98,Institution not in Switzerland
Department of Physics University of Massachusetts,4.0,Institution not in Switzerland
Department of Political Science University of Ghana,4.85,address unfound
"Department of Psychiatry University of California, San Diego",12.54,address unfound
Department of Psychology Faculty of Philosophy University of Belgrade,1.55,Institution not in Switzerland
Department of Psychology Macquarie University,9.78,Institution not in Switzerland
Department of Psychology University College London,5.917,Institution not in Switzerland
Department of Psychology and Dep. of Psychiatry and Behavior Sciences Emory University,5.5,Institution not in Switzerland
Department of Social Statistics University of Southampton,4.0,Institution not in Switzerland
Department of Software Systems Institute of Science and Technology Graduate School of Information Science,3.82,address unfound
Department of Systems Biology Dana-Farber Cancer Institute Harvard Medical School,12.5,address unfound
Department of chemical system engineering University of Tokyo,1.8,address unfound
Dept. Forschung und Entwicklung Pädagogische Hochschule Zürcher Fachhochschule,4.0,address unfound
Dept. de Quimica Fundamental CCEN Universidade Federal de Pernambuco,3.45,Institution not in Switzerland
Dept. of Ecology and Evolutionary Biology Princeton University,6.6,Institution not in Switzerland
Dept. of Economics University of Bristol,11.0,Institution not in Switzerland
Dept. of Economics University of Calgary,10.0,Institution not in Switzerland
Dept. of Egyptian Art Ny Carlsberg Glyptotek,2.0,address unfound
Dept. of Germanic and Slavic Languages Vanderbilt University,12.5,Institution not in Switzerland
Dept. of Health Care Policy Harvard Medical School,12.48,address unfound
Dept. of Mechanical and Process Engineering ETH-Zentrum,15.3,address unfound
Dept. of Microbiology and Immunology College of Veterinary Medicine Cornell University,5.2,address unfound
"Dept. of Pathology, Microbiol. & Immunology School of Veterinary Medicine University of California at Davis",5.5,address unfound
Dept. of Public and Business Adminstration Faculty of Economics and Management University of Cyprus,11.5,address unfound
Depts. of Biochemistry and Biotechnology and Microbial Communities of Inst. of Microbio.,103.74465,address unfound
Deutsches Archäologisches Institut Instituto Arqueologico Aleman,5.26,address unfound
Deutsches Seminar Universität Basel,140.0,BS
Deutsches Seminar Universität Zürich,4.1,ZH
Dipartimento di Scienze Economiche Università della Svizzera Italiana,2.03,address unfound
Dipartimento di Statistica Università Ca'Foscari,0.29,address unfound
Dipartimento di storia e geografia Università di Firenze,24.98,Institution not in Switzerland
Div. Occupational and Environmental Medicine School of Medicine University of California,5.55,Institution not in Switzerland
Division EP CERN,3.15,address unfound
Division d'Orthodontie Section de Médecine Dentaire Université de Genève,8.1,GE
Division de Biochimie Département de Biologie Université de Fribourg,10.95,FR
Division of Infectious Diseases Department of Medicine University of Louisville,11.4,Institution not in Switzerland
Divisione della Cultura e degli Studi Universitari,15.0,address unfound
Droit international public Faculté de droit et des sciences criminelles Université de Lausanne,4.5,VD
Département d'Ecologie et d'Evolution Faculté de Biologie et de Médecine Université de Lausanne,7.89,VD
Département d'anglais et de slavistique Université de Fribourg,4.0,FR
Département de Biologie Faculté des Sciences Université de Fribourg,35.0,FR
Département de Biologie Moléculaire Faculté des Sciences Université de Genève,10.6,GE
Département de Biologie Végétale Faculté des Sciences Université de Genève,11.12,GE
Département de Chimie Organique Université de Genève,7.12,GE
Département de Chimie Physique Faculté des Sciences Université de Genève,19.69,GE
Département de Chimie Université de Fribourg,10.53,FR
Département de Génie Civil Institut de Statique et Structures MCS,3.5,address unfound
Département de Génétique et Evolution Faculté des Sciences Université de Genève,46.0,GE
Département de Géographie et Environnement Faculté des Sciences de la Société Université de Genève,7.66,GE
Département de Linguistique Française Faculté des Lettres Université de Genève,10.8,GE
Département de Microbiologie Fondamentale Faculté de Biologie et de Médecine Université de Lausanne,47.0,VD
Département de Morphologie Faculté de Médecine Université de Genève,100.0,GE
Département de Pathologie et Immunologie Faculté de Médecine / CMU Université de Genève,150.0,GE
Département de Pharmacologie & Toxicologie Faculté de Biologie et de Médecine Université de Lausanne,180.0,VD
Département de Philosophie Faculté des Lettres Université de Fribourg,1.25,FR
Département de Physiologie Faculté de Biologie et de Médecine Université de Lausanne,305.0,VD
Département de Physique CERN - PH,65.38,address unfound
Département de Physique Université de Fribourg,24.549999999999997,FR
Département de Physique de la Matière Condensée Université de Genève,11.35,GE
Département de droit constitutionnel Faculté de droit Université de Genève,1.87,GE
Département de linguistique générale Faculté des lettres Université de Genève,0.46,GE
Département de linguistique générale et linguistique française Uni-Bastions,1.535,address unfound
Département de management Faculté des hautes études commerciales Université de Lausanne,10.0,VD
Département de physique nucléaire et corpusculaire Université de Genève,28.0,GE
Département des sciences de la Terre Université de Genève,16.5,GE
Dépt Microbiologie et Médecine Moléculaire Faculté de Médecine Université de Genève,325.0,GE
Dépt Physiologie Cellulaire et Métabolisme Faculté de Médecine Université de Genève,180.0,GE
Dépt des Neurosciences Fondamentales Faculté de Médecine Université de Genève,572.5,GE
EHESS Ecole des Hautes Etudes en Sciences Sociales,9.56,address unfound
EPFL - SB - MATHAA,9.6,address unfound
EPFL - SV - IBI - LBM,7.7,address unfound
EPFL SV ISREC UPRAD,180.0,address unfound
ETH Zentrum RAC F 18,9.2,address unfound
Eawag,6.0,address unfound
Ecole National Supérieure d'Architecture de Paris la Villette,10.13,Institution not in Switzerland
Ecole Spéciale d'Architecture,15.98,address unfound
Ecole française d'Athènes (EFA),11.0,address unfound
"Eidg. Forschungsanstalt für Wald, Schnee und Landschaft WSL",55.61,address unfound
Eidg. Materialprüfungs- und Forschungsanstalt (EMPA),11.6,address unfound
Englisches Seminar Universität Zürich,11.4,ZH
Ethologische Station Hasli Zoologisches Institut Universität Bern,1.15,BE
Europainstitut Universität Basel,5.2,BS
Eövtös Loránd University,624.998,address unfound
FB Geschichts- und Kulturwissenschaften Freie Universität Berlin,3.2,Institution not in Switzerland
Fachbereich 1: Soziologie Universität Siegen,4.54,Institution not in Switzerland
Fachbereich Biologie/Chemie Universität Osnabrück,11.12,Institution not in Switzerland
Fachrichtung Angewandte Psychologie Psychologisches Institut Universität Zürich,6.0,ZH
Faculteit Geesteswetenschappen Universiteit van Amsterdam,11.3,Institution not in Switzerland
Faculty of Built Environment and Engineering Queensland University of Technology,9.4,address unfound
Faculty of Classics University of Cambridge,4.67,Institution not in Switzerland
Faculty of Modern History University of Oxford,2.0,Institution not in Switzerland
Faculty of Science University of Yaounde I,7.55,address unfound
Faculté de Psychologie et des Sciences de l'Education Université de Genève,23.189999999999998,GE
Faculté des Lettres Université de Genève,12.8,GE
"Faculté des sciences sociales, politiques et économiques Université Libre de Bruxelles",7.09,address unfound
"Faculté des sciences économiques et sociales, Décanat Université de Genève",11.8,GE
Fakultät für Psychologie Universität Basel,19.8,BS
Fluid Dynamics and Granular Flows Applied Mathematics and Theoretical Physics University of Cambridge,7.4,Institution not in Switzerland
Forschung für Infektions- und Krebskrankh. Abteilung Onkologie Universitäts-Kinderspital Zürich,180.0,ZH
Forschungsanstalt Agroscope Changins- Wädenswil ACW,4.645,address unfound
Forschungsgruppe Sozioökonomie Forschungsbereich Agrarökonomie Agroscope,5.0,address unfound
Forschungslabor für Urologie Departement Klinische Forschung (DKF),180.0,address unfound
Forschungsstelle für Sicherheitspolitik D-GESS ETH Zürich,10.7,ZH
Forum Suisse pour l'étude des migrations et de la population Université de Neuchâtel,15.309999999999999,NE
Friedrich Miescher Institute,445.0,address unfound
Geographisches Institut Universität Bern,14.9,BE
Geologisches Institut ETH Zürich,122.14,ZH
Gerontopsychologie Psychologisches Institut Universität Zürich,8.0,ZH
Graduate School of Economics Faculty of Economics Kyoto University,9.32,address unfound
Graduate School of Global Information and Telecommunication Waseda University,28.7,address unfound
Graduate School of Science Department of Chemistry Tohoku University,1.97,address unfound
Groupe Diabétologie expérimentale Dépt. Physiologie Cellulaire et Métabolisme Université de Genève,2.25,GE
Groupe de génie électrochimique EPFL - SB - ISIC - GGEC,11.8,address unfound
Groupe de recherche en économie territoriale Institut de sociologie Université de Neuchâtel,10.91,NE
Gruppe Isotopengeologie Institut für Geologie Universität Bern,5.61,BE
Harvard Law School Harvard University,9.0,address unfound
Haute école de santé ARC Haute Ecole Spécialisée de Suisse occidentale,10.0,address unfound
Helsinki Collegium of Advanced Studies University of Helsinki,1.55,Institution not in Switzerland
High Voltage Laboratory ETH Zentrum,3.5,address unfound
Hochschule der Künste Bern Berner Fachhochschule,8.0,address unfound
Hochschule für Angewandte Psychologie Fachhochschule Nordwestschweiz,9.1,address unfound
Hochschule für Soziale Arbeit Fachhochschule Nordwestschweiz,11.03,address unfound
Hokkaido University,1.0,Institution not in Switzerland
Humboldt Universität Berlin Institut für Sozialwissenschaften,4.18,address unfound
Humboldt Universität zu  Berlin Sonderforschungsbereich 640,3.8,address unfound
Hôpital Ophtalmique Jules Gonin,10.3,address unfound
Hôpital Robert Debré,9.28,Institution not in Switzerland
Hôpitaux Universitaires de Genève,41.4,GE
IBM Research GmbH,43.69,address unfound
ICEM SA Metallurgical Research Institute,40.0,address unfound
IHEID Fondation pour l'institut de hautes études internationales et du développement,5.61,address unfound
IN3 - Internet Interdisciplinary Inst. eLearning Universitat Oberta de Catalunya,11.16,Institution not in Switzerland
IPMZ - Institut für Publizistikwissenschaft und Medienforschung Universität Zürich,11.543,ZH
ISP-UGEC EPFL,12.9,VD
IWWR Laboratory for Plant Genetics Institute for Wetland and Water Research Radboud University Nijmegen,7.25,Institution not in Switzerland
Ian Wark Research Institute IWRI University of South Australia,9.2,address unfound
Inst. de Géomatique & d'Analyse du Risque Fac. des Géosciences & de l'Environnement Université de Lausanne,1.0,VD
Inst. for Physical and Chemical Research RIKEN,7.24,address unfound
Inst. für Hydromechanik und Wasserwirtschaft ETH-Hönggerberg,8.78,address unfound
Inst. für Operations Research und mathematische Methoden Zürich CH Universität Zürich,7.8,ZH
Inst. für Sozialplan. und Soz.managem. (ISS) Hochschule für Soziale Arbeit HSA Berner Fachhochschule,7.0,address unfound
Inst. of Railway Studies & Transport History Dept. of History University of York,6.8,Institution not in Switzerland
Institut F.-A. Forel Université de Genève,5.61,GE
Institut Forschung & Entwicklung Hochschule Luzern - Musik,10.0,LU
Institut Laue-Langevin,10.72,address unfound
Institut Romand de Recherche Numérique en Physique des Matériaux - IRRMA EPFL - SB - IRRMA-GE,21.53,address unfound
Institut Suisse de Recherche Expérimentale sur le Cancer EPFL - SV - ISREC,180.0,address unfound
Institut Universitaire de Pathologie CHUV,360.0,address unfound
Institut d'informatique Université de Neuchâtel,15.38,NE
Institut d'informatique et Intelligence artificielle Université de Neuchâtel,11.925,NE
Institut d'études médiévales Université de Fribourg,12.5,FR
Institut de Cordeliers Laboratoire de Physiologie et Génomique des Cellules Rénales,8.99,address unfound
Institut de Géologie Université de Neuchâtel,1.4,NE
Institut de Hautes Etudes Internationales et du Développement,12.86,address unfound
Institut de Mathématiques Université de Lausanne,1.215,VD
Institut de Microbiologie Université de Lausanne,180.0,VD
Institut de Pharmacologie et de Biologie Structurale CNRS UPR 9062,3.65,address unfound
Institut de Recherche en Informa- tique et Systèmes Aléatoires IRISA / INRIA Rennes,10.77,Institution not in Switzerland
Institut de Théorie des Phénomènes Physiques EPFL SB ITP LPPC,2.2,address unfound
Institut de droit de la santé Faculté de droit Université de Neuchâtel,1.3,NE
Institut de mathématiques B EPFL - SB - IMB,10.66,address unfound
Institut de mathématiques Université de Neuchâtel,3.74,NE
Institut de mathématiques de géométrie et applications EPFL - SB - MATHGEOM,10.87,address unfound
Institut de microtechnique EPFL - STI - IMT,5.61,address unfound
Institut de physique appliquée Laboratoire de théorie du solide DP - EPF-Lausanne,18.970000000000002,VD
Institut de physique de la matière condensée EPFL - SB - ICMP,11.6,address unfound
Institut de sociologie et de sciences politiques Université de Neuchâtel,10.88,NE
Institut des Sciences et Ingénierie Chimiques EPFL-SB-ISIC-LSPN,11.8,address unfound
Institut des sciences et ingénierie chimiques EPFL - SB - ISIC,7.5,address unfound
Institut européen de l'Université de Genève,4.35,GE
Institut for Medical Research,4.37,Institution not in Switzerland
Institut für Agrarwissenschaften ETH Zürich,10.86,ZH
Institut für Anorganische Chemie Universität Basel,30.6,BS
"Institut für Anorganische, Ana- lytische und Physikalische Chemie Universität Bern",40.0,BE
Institut für Automatik ETH Zürich,21.1,ZH
Institut für Bildverarbeitung Informationstechnologie und Elektrotechnik ETH Zürich,2.06,ZH
Institut für Biochemie und Molekulare Medizin Universität Bern,3.5,BE
Institut für Biomedizinische Technik Universität Zürich und ETHZ,1.2,address unfound
Institut für Chemie- und Bioingenieurwissenschaften ETH Zürich,10.96,ZH
Institut für Chirurgische Forschung und Spitalmanagement Universitätsspital Basel,5.61,BS
Institut für Customer Insight (ICI-HSG) Universität St. Gallen,11.21,SG
Institut für Energietechnik ETH Zürich,58.85,ZH
Institut für Europäische und Vergleichende Sprach- und Literaturwissenschaft Universität Wien,12.4,Institution not in Switzerland
Institut für Evolutionsbiologie und Umweltwissenschaften Universität Zürich,16.5,ZH
Institut für Führung- und Personalmanagement Universität St. Gallen,8.0,SG
Institut für Gemüse und Zierpflanzenbau,10.8,address unfound
Institut für Geophysik ETH Zürich,64.38199999999999,ZH
Institut für Germanistik Philosophisch-historische Fakultät Universität Bern,15.0,BE
Institut für Hirnforschung Universität Zürich,185.79,ZH
Institut für Infektionskrankheiten Universität Bern,150.0,BE
Institut für Informatik Universität Bern,5.61,BE
Institut für Integrative Biologie Departement Umweltwissenschaften ETHZ,6.43,address unfound
Institut für Klinische Pharmakologie Universität Bern,180.0,BE
Institut für Mathematik Universität Zürich,20.1,ZH
Institut für Medienwissenschaften der Universität Basel,12.2,BS
Institut für Molek. Gesundheitswissenschaft,180.0,address unfound
Institut für Molekulare Biologie Universität Zürich,50.0,ZH
Institut für Molekulare Pathologie,10.9,address unfound
Institut für Neuroinformatik Universität Zürich Irchel und ETH Zürich,12.2,ZH
Institut für Neuropathologie Departement für Pathologie Universitätsspital Zürich,150.0,ZH
Institut für Neuropathologie Universitätsspital Zürich,180.0,ZH
Institut für Nichtmetallische anorganische Werkstoffe ETH-Hönggerberg,71.1,address unfound
Institut für Nutztierwissenschaften Gruppe Ernährung ETH-Zentrum,3.5,address unfound
Institut für Oberflächentechnik ETH Zürich,24.74,ZH
Institut für Operations Research ETH Zürich,38.7,ZH
Institut für Pflanzenbiologie Universität Zürich,29.279999999999998,ZH
Institut für Pflanzenbiologie Universität Zürich Limnologische Station,1.8,address unfound
Institut für Pharmazeutische Wissenschaften ETH Zürich,8.726,ZH
Institut für Physik Abt. Experimentelle Physik der Kondensierten Materie,46.0,address unfound
Institut für Physikalische Chemie Universität Freiburg,9.85,Institution not in Switzerland
Institut für Physikalische Chemie Universität Zürich,11.04,ZH
Institut für Polymere ETH Zürich,9.350000000000001,ZH
Institut für Populäre Kulturen Universität Zürich,11.0,ZH
Institut für Quantenelektronik ETH Zürich,1.87,ZH
Institut für Robotik und Intelligente Systeme ETH Zürich,5.25,ZH
Institut für Sozial- und Präventivmedizin Universität Bern,180.0,BE
Institut für Sozialanthropologie Universität Bern,8.21,BE
Institut für Systematische Botanik und Botanischer Garten Universität Zürich,4.4,ZH
Institut für Technologiemanagement Universität St. Gallen,11.98,SG
Institut für Theoretische Physik ETH Zürich,66.1,ZH
Institut für Theoretische Physik Universität Bern,37.899,BE
Institut für Verkehrsplanung und Transportsysteme ETH Zürich,3.5,ZH
Institut für Veterinärbiochemie und Molekularbiologie Universität Zürich-Irchel,155.0,address unfound
Institut für Veterinärpathologie Vetsuisse-Fakultät Universität Zürich,6.293,ZH
Institut für Wirtschafts- und Sozialgeschichte Georg-August-Universität,10.83,address unfound
Institut für Wirtschaftsforschung,4.0,address unfound
Institut für Wirtschaftsinformatik Universität St. Gallen,11.04,SG
Institut für Wirtschaftspädagogik Universität St. Gallen,4.1,SG
Institut für Wirtschaftsrecht School of Management and Law Zürcher Hochschule f. Angew. Wissenschaften,4.0,address unfound
Institut für Zellbiologie Departement Biologie Universität Bern,11.2,BE
Institut für Zellbiologie ETH Zürich,180.0,ZH
Institut für angewandte Physik Universität Bern,29.799999999999997,BE
Institut für englische Sprachen und Literaturen Universität Bern,7.05,BE
Institut für mathematische Statistik und Versicherungslehre Universität Bern,5.96,BE
Institut für mathematische Systemtheorie ETH-Zentrum,8.1,address unfound
Institute for Surgical Technology and Biomechanics Universität Bern,10.61,BE
Institute for Women and Gender University of Michigan School of Education,16.34,address unfound
Institute of Archaeology Hebrew University of Jerusalem,8.0,Institution not in Switzerland
Institute of Energy Technology ETH-Zentrum,22.15,address unfound
Institute of Engineering Mechanics and Systems University of Tsukuba,3.3,Institution not in Switzerland
Institute of Environmental Geosciences Department Geosciences University of Basel,6.15,address unfound
Institute of Geological and Nuclear Sciences,13.05,address unfound
Institute of Solid State & Semiconductor Physics,50.0,address unfound
Instituto de Estudios Ambientales Universitad Catolica del Peru,2.5,address unfound
International Institute of Management in Technology (iimt) Université de Fribourg,9.03,FR
Istituto Dalle Molle di Studi sull'Intelligenza Artificiale,4.96,address unfound
Istituto di Metodologie per l'Analisi Ambientale I.M.A.A - C.N.R,1.5,address unfound
Istituto di Ricerca in Biomedicina (IRB),150.0,address unfound
John F. Kennedy School of Government Harvard University,10.02,address unfound
KOF - Konjunkturforschungsstelle ETH Zürich,9.0,ZH
Kinderspital Zürich Universitäts-Kinderklinik,180.0,address unfound
Klima- und Umweltphysik Physikalisches Institut Universität Bern,8.1,BE
Klinik für Anästhesiologie Johannes Gutenberg-Universität,10.775,address unfound
Klinik für Gastroenterologie und Hepatologie Departement Innere Medizin Universitätsspital Zürich,11.0,ZH
Klinik für Geburtshilfe Departement Frauenheilkunde Universitätsspital Zürich,21.475,ZH
Klinik für Immunologie Departement Innere Medizin Universitätsspital Zürich,180.0,ZH
Klinik für Kardiologie Bereich Medizin Universitätsspital Basel,10.9,BS
Klinik für Klinische Pharmakologie und Toxikologie Universitätsspital Zürich,8.04,ZH
Klinik für Nuklearmedizin Departement Medizinische Radiologie Universitätsspital Zürich,180.0,ZH
Klinik für Onkologie Bereich Innere Medizin-Onkologie Universitätsspital Zürich,180.0,ZH
Klinik für Orthopädische Chirurgie Inselspital Universität Bern,12.2,BE
Klinik und Poliklinik für Med. Onkologie Inselspital,150.0,address unfound
Klinische Psychologie und Psychotherapie Psychologisches Institut Universität Zürich,8.0,ZH
Kriminologisches Institut Universität Zürich,11.1,ZH
Kunsthistorisches Institut in Florenz Max-Planck-Institut,2.7,Institution not in Switzerland
Kyoto Sangyo University,4.7,address unfound
Lab. de Génie Chimique et Biologique Section de Chimie / ISP - LGCB EPFL,12.0,VD
Lab. de Mécanobiologie et de Morphogenèse EPFL- SV - IBI - LMBM,10.53,address unfound
Lab. for Chem. a. Mineralog. Crystallography University of Bern,8.1,BE
"Lab. for Laser Spectroscopy and Environmental Sensing, Inst. of Quantum Electronics, ETH-Hönggerberg",53.2,address unfound
Labor für Atmosphärenchemie Paul Scherrer Institut,11.35,address unfound
Labor für Energie- und Verfahrenstechnik Paul Scherrer Institut,5.61,address unfound
Labor für Keramische Materialien Inst. of Materials and Process Engineering ZHAW Zürcher Hochschule für Angewandte Wiss.,10.36,address unfound
Labor für Sensomotorische Systeme ETH Zürich,2.9,ZH
Labor für Teilchenphysik Paul Scherrer Institut,46.0,address unfound
Laboratirio di Microbiologia Applicata DACD-SUPSI,11.2,address unfound
Laboratoire d'hémodynamique et de technologie cardiovasculaire EPFL - STI - IBI-STI - LHTC,12.6,address unfound
Laboratoire d'électronique générale 1 EPFL - STI - IMM - LEG1,3.74,address unfound
Laboratoire de Biologie Cellulaire Clinique et Policlinique de Dermatologie Hôpital Cantonal Universitaire-HCUCE,58.0,address unfound
Laboratoire de Médecine Régénératrice et de Pharmacobiologie EPFL - FSV - IBI - LMRP,46.0,address unfound
Laboratoire de Neurologie et Imagerie de la Cognition Dépt. de Neurosciences Fondamentales,190.0,address unfound
Laboratoire de Psychophysique EPFL - SV - BMI - LPSY,13.0,address unfound
Laboratoire de Systèmes Intégrés Département d'Electricité (DE) EPFL-Ecublens,7.0,VD
Laboratoire de chimie organométallique et médicinale EPFL - SB - ISIC - LCOM,14.72,address unfound
Laboratoire de chimie physique moléculaire EPFL - SB - ISIC - LCPM,12.5,address unfound
Laboratoire de design et media EPFL IC ISIM LDM,2.2,address unfound
"Laboratoire de maintenance, construction et sécurité des ouvrages EPFL - ENAC - IIC - MCS",48.35,address unfound
Laboratoire de microbiologie environnementale EPFL - ENAC - IIE - EML,4.14,address unfound
Laboratoire de photonique et interfaces EPFL - SB - ISIC - LPI,5.25,address unfound
Laboratoire de physique de la matière vivante EPFL - SB - IPSB - LPMV,23.0,address unfound
Laboratoire de systèmes répartis Institut d'informatique fondamentale LSR - IIF - IC - EPFL,43.5,VD
Laboratories for Nanobiology Graduate School of Frontier Biosciences Osaka University,1.82,address unfound
Laboratorium für Festkörperphysik ETH Zürich,55.0,ZH
"Laboratorium für Klinische Experimental Immunologie Kantonsspital, Departement Forschung",150.0,address unfound
Laboratorium für Kristallographie ETH Zürich,8.04,ZH
Laboratorium für Organische Chemie ETH Zürich,10.01,ZH
Laboratory of Cellular Carcinogenesis Center for Cancer Research National Cancer Insitute,12.2,address unfound
Laboratory of Physiology Institute for Cardiovascular Research ICAR-V VU University medical center,7.5,address unfound
Lamont-Doherty Earth Observatory Columbia University,8.09,address unfound
Landcare Research,8.8,address unfound
"Law School Boalt Hall, University of California",6.0,Institution not in Switzerland
Lawrence Berkeley Laboratories Advanced Light Source,8.1,address unfound
Lawrence Berkeley National Lab. Energy & Environment Div.,13.776,address unfound
Lehrstuhl für Logistikmanagement Universität St. Gallen,4.43,SG
Lehrstuhl für Organisationspsychologie Universität St. Gallen,5.55,SG
Lehrstuhl für Religionswissenschaft II Universität Bayreuth,29.55,Institution not in Switzerland
Limnologische Station Institut für Pflanzenbiologie Universität Zürich,5.140000000000001,ZH
Littérature et Langue française Université Paris-Sorbonne - Paris IV,27.1,address unfound
Lomonosov State University,4.2,address unfound
MTEC ETH Zürich,3.8,ZH
Marine Biological Association Laboratory,4.4,address unfound
Max Planck Institute for Chemical Ecology Beutenberg Campus,11.01,address unfound
Max-Planck-Institut für Pflanzenzüchtungsforschung,102.3,address unfound
Max-Planck-Institut für ausländisches und internationales Privatrecht,11.0,address unfound
Medizinische Universitätsklinik Kantonsspital Bruderholz,150.0,address unfound
"Mobile Life Research Center Computer and Systems Department Royal Institute of Technology, Uni Stockholm",11.15,Institution not in Switzerland
Monash University,5.0,Institution not in Switzerland
Monumenta Germaniae Historica,6.125,address unfound
Musikwissenschaftliches Institut Universität Zürich,7.29,ZH
NCCR Nanoscale Science Universität Basel,58.0,address unfound
NCCR Structural Biology Institut für Biochemie Universität Zürich,9.3,ZH
Nara Institute of Science and Technology (NAIST),2.5,Institution not in Switzerland
National Bowel Research Centre Blizard Institute Queen Mary University London,9.3,Institution not in Switzerland
National Railway Museum Institute of Railway Studies,167.62,address unfound
Neurologische Klinik Universitätsspital Zürich,180.0,ZH
Neuropsychologische Abteilung Neurologische Klinik Universitätsspital Zürich,8.1,ZH
Neutron Capture Radiography Paul Scherrer Institute,2.55,address unfound
Norris Comprehensive Cancer Center University of South California,12.2,Institution not in Switzerland
Oberflächentechnik ETH Zürich,12.9,ZH
Observatoire Cantonal de Neuchâtel,7.2,NE
Organisch-chemisches Institut Universität Zürich,24.4,ZH
Organische Chemie Departement Chemie Universität Basel,182.72199999999998,BS
Pain and Palliative Care Society University Medical College,9.72,address unfound
Paul Scherrer Institut,139.31,AG
Persönlichkeitspsychologie und Diagnostik Psychologisches Institut Universität Zürich,12.43,ZH
Philosophisches Seminar Universität Basel,17.8,BS
Physics Department National Tsing Hua University,2.0,Institution not in Switzerland
Physikalische Chemie Departement Chemie Universität Basel,58.74,BS
Physiologisches Institut Universität Zürich,303.525,ZH
Polar Climate Center Korea Polar Research Institute,5.22,address unfound
Political Communication Laboratory Department of Communication Stanford University,12.8,Institution not in Switzerland
Politikwissenschaftliches Seminar der Universität Luzern,287.361,LU
Princeton Theological Seminary,4.0,address unfound
Pro Grigioni Italiano,2.81,address unfound
Projekte + Ausbildung Soziales Gesundheit Rehabilitation,9.82,address unfound
Psychologisches Institut Universität Zürich Klinische Psychologie,11.0,address unfound
Psychopathologie Psychologisches Institut Universität Zürich,7.96,ZH
Psychotherapeutische Abteilung Universitäre Psychiatrische Kliniken UPK,12.6,address unfound
Pädagogisches Institut Universität Zürich,7.25,ZH
"Research Centre for Phenomenology and Human Sciences, Institute of Humanities The Chinese University of Hong Kong",6.5,Institution not in Switzerland
Romanisches Seminar Universität Zürich,10.81,ZH
Royal Holloway University of London,2.8,address unfound
Rudjer Boskovic Institute Departmnet of Molecular Medicine,50.0,address unfound
SEMLAB Center for Study of Language and Information University of Stanford,5.525,Institution not in Switzerland
SSED FPSE Université de Genève,8.0,GE
School of Biological Sciences Monash University,12.9,address unfound
School of Chemistry University of New South Wales,11.0,Institution not in Switzerland
School of Communication Ohio State University,9.21,address unfound
School of Computer Science Carnegie-Mellon University,9.1,Institution not in Switzerland
School of Geographical Sciences University of Bristol,9.5,Institution not in Switzerland
School of Physical Sciences Jawaharlal Nehru University,5.2,Institution not in Switzerland
School of Politics & International Relations Rutherford College University of Kent,7.51,address unfound
School of Social Sciences,11.59,Institution not in Switzerland
Schweiz. Institut für Klein- und Mittelunternehmen (KMU-HSG) Universität St. Gallen,8.87,SG
Schweizerisches Institut für Empirische Wirtschaftsforschung (SEW-HSG),5.03,address unfound
Section d'Histoire Faculté des Lettres Université de Lausanne,5.61,VD
Section de Philosophie Faculté des Lettres Université de Lausanne,22.18,VD
Section de langues et civilisations slaves Faculté des lettres Université de Lausanne,71.97999999999999,VD
Section de philosophie et d'histoire Faculté des lettres Université de Genève,3.5,GE
Section des Sciences de la Terre et de l'environnement Université de Genève,13.2,GE
Seminar für Angewandte Mathematik ETH Zürich,5.61,ZH
Seminar für Deutsche Philologie Georg-August-Universität Göttingen,11.625,Institution not in Switzerland
Seminar für Klassische Philologie Georg-August-Universität,10.9,address unfound
Seminar für Privatrecht und Allgemeine Einführung,5.87,address unfound
Service d'Immunologie et d'Allergologie Département de Médecine Interne Hôpitaux Universitaires de Genève,130.0,GE
Service de Cardiologie Département de Médecine Interne Hôpitaux Universitaires de Genève,180.0,GE
Service de Médecine Préventive Hospitalière CHUV,24.0,address unfound
Service de Neurochirurgie CHUV,11.04,address unfound
Service de Radio-Oncologie CHUV,180.0,address unfound
Service des Maladies Infectieuses Département de Médecine Interne CHUV,150.0,address unfound
Service des Maladies Infectieuses Département de Médecine Interne Hôpital Cantonal - HUG,120.0,address unfound
Sezione di Farmacol. Cellulare e Molecolare Istit. di neuroscienze CNR Università Milano,0.1,Institution not in Switzerland
Soziologisches Seminar Universität Luzern,7.0,LU
St. Petersburg Nuclear Physics Institute,26.0,Institution not in Switzerland
Stanford Law School Stanford University,5.15,Institution not in Switzerland
Station fédérale de recherches agronomiques de Changins,4.05,address unfound
Stiftung Bibliothek Werner Oechslin,9.3,address unfound
Sucht Schweiz,4.12,address unfound
Swiss HIV cohort study Data Center CHUV,3.5,address unfound
Swiss Tropical and Public Health Institute Medical Services and Diagnostic Universität Basel,5.04,address unfound
Synchrotron Radiation Research Center Japan Atomic Energy Research Institute,0.91,address unfound
Tahoe Environmental Research Center University of California,12.5,Institution not in Switzerland
The Forsyth Institute Department of Microbiology Lemon Lab,7.0,address unfound
The Hospital for Sick Children,12.65,Institution not in Switzerland
Theologische Fakultät Universität Basel,1.4,BS
Theory Division CERN,46.0,address unfound
Tokyo Institute of Technology Department of Chemical Technology,2.02,Institution not in Switzerland
Transplantationsimmunologie und Nephrologie Universitätsspital Basel,180.0,BS
UBC Inversion Facility Earth and Ocean Sciences University of British Columbia,12.45,Institution not in Switzerland
UMR 5225 CNRS/Université de Bourgogne IREDU Université de Bourgogne France,10.8,Institution not in Switzerland
UMR 6578 CNRS Unité d'anthropologie Faculté de Médecine Université de la Méditerranée,12.71,address unfound
UNI: AO Research Institute   Davos CH,6.746,GR
UNI: Academia Sinica Astronomical Observator y  Beijing VRC,2.5,address unfound
UNI: Academia Sinica Institute of Botany Nan kang Taipei RC,5.2,address unfound
UNI: Academia Sinica Taiwan   Taipei RC,20.0,address unfound
UNI: Acaédemie des Sciences Institut de Phil osophie  Leningrad UDSSR,1.42,address unfound
UNI: Akademie der Wissenschaften   Budapest H,1.2,address unfound
UNI: Albert-Ludwigs-Universität Institut für Biologie II/Biochemie  Freiburg D,104.13,address unfound
UNI: Animal Health Trust Centre for Preventi ve Medicine  Newmarket GB,3.855,Institution not in Switzerland
UNI: Architectural Association School of Arc hitecture  London GB,0.5,Institution not in Switzerland
UNI: Archivio cantonale   Bellinzona CH,1.87,TI
UNI: Associazione pro Grigione Italiano-PGI Firenze I,0.18,address unfound
UNI: Astronomical Observatory Chinese Academ y of Sciences  Beijing VRC,1.9,address unfound
UNI: Avalanche Information Service   Inverne ss-shire GB,2.162,address unfound
UNI: BIGA   Bern CH,3.0,BE
UNI: BIGA Zentralstelle für regionale Wirt- schaftsförderung Bern CH,1.4,BE
UNI: Basel Mission Archiv  Basel CH,35.4,address unfound
UNI: Basel Universität   Basel CH,3.74,BS
UNI: Bedford GB,0.745,Institution not in Switzerland
UNI: Berlin D-O,0.33,Institution not in Switzerland
UNI: Bibliotheca Hertziana   Roma I,0.2,address unfound
UNI: Bibliotheca Hertziana Max-PLanck-Instit ut  Roma I,0.5,address unfound
UNI: Bibliotheca Hertziana Max-Planck-Instit ut  Rom I,0.2,address unfound
UNI: Bibliothèque Bodmer  Cologny CH,2.184,GE
UNI: Bibliothèque nationale de France Dépt d es manuscrits occidentaux Paris F,10.66,address unfound
UNI: Bibliothèque publique et universitaire Genève CH,8.184000000000001,GE
UNI: Bibliothèque publique et universitaire de Genève  Genève CH,1.56,GE
UNI: Blood Transfusion Department Petrov Ins titute of Oncology  St. Petersburg RUS,0.82,address unfound
UNI: Blutspendedienst SRK Zentrallaboratoriu m  Bern CH,1.2,BE
UNI: Boston USA,10.0,Institution not in Switzerland
UNI: British Antarctic Survey  Cambridge GB,107.61,Institution not in Switzerland
UNI: Brunel University Department of Electri cal Engineering and Electronics Uxbridge GB,0.5,Institution not in Switzerland
UNI: Budapest University of Economic Science s  Budapest H,3.5,address unfound
UNI: Bureau Intern. du Travail Département d e la sécurité sociale  Genève CH,5.61,GE
"UNI: CABI Bioscience (Ascot) Environment UK Centre Ascot, Berkshire GB",3.273,Institution not in Switzerland
UNI: CAST   Beijing VRC,2.3,address unfound
UNI: CEFE CNRS  Montpellier F,130.75,address unfound
UNI: CERN   Genève CH,18.0,GE
UNI: CERN / Organisation Européenne pour la recherche Nucléaire Genève CH,14.4,GE
UNI: CERN Division ECP Genève CH,14.4,GE
UNI: CERN Laboratoire de Physiologie Neurose n- sorielle Paris F,5.148,address unfound
UNI: CERN-TH Division   Genève CH,42.0,GE
UNI: CIRSEE Centre International de Recherch e sur l'Eau et l'Environnement Le Pecq F,9.56,address unfound
UNI: CNRS  Montpellier F,103.18,address unfound
UNI: CNRS Dépt des Sciences de l'Homme et de la Société Paris F,1.362,address unfound
UNI: CNRS Histoire sociale  Paris F,7.12,address unfound
UNI: CNRS Institut Historique Allemand  Pari s F,0.74,address unfound
"UNI: CNRS Institut Pasteur 28, rue du Dr. Ro ux Paris F",105.28,address unfound
UNI: CNRS Institut des Sciences Végétales  G if-sur-Yvette F,182.2,address unfound
UNI: CNRS Laboratoire d'études des propriété s électroniques des solides LEPES Grenoble F,7.2,address unfound
UNI: CNRS Laboratoire de Génétique des Virus Gif-sur-Yvette F,92.6,address unfound
UNI: CNRS Laboratoire de physiologie Collège de France Paris F,18.0,address unfound
UNI: CNRS Ministre de l'Enseignement superie ur  Paris F,0.5,address unfound
UNI: CSIC Centro Nacional de Biotecnologia D epartment of Immunology and Oncology Madrid E,129.7,address unfound
UNI: Central Public Health Lab. NCTC Molecul ar Genetics Unit  London GB,0.38,Institution not in Switzerland
UNI: Central Saint Martins College of Arts & Design School of Graphic and Industrial Des ign London GB,0.5,Institution not in Switzerland
UNI: Centre Scientifique d'Orsay Insitut d'O ptique Théorique et Appliquée Orsay F,6.2,address unfound
UNI: Centre de Recherche sur les Maladies Au toimmune Groupe Hospitalier Necker Paris F,105.6,address unfound
UNI: Centre sociologie européenne   Paris F,9.2,address unfound
UNI: Centro de investigaciones biologicas  M adrid E,11.15,address unfound
UNI: Centro di Studio Sui Bio- polimeri Dipa rtimento di Chimica Organica Padova I,0.28,address unfound
UNI: Chiang Ching-kuo Fondation   Taipei RC,10.0,address unfound
UNI: Chinese Academy of Sciences Changchun I nstitute of Applied Chemistry Changchun VRC,2.2,address unfound
UNI: Chukyo University School of Psychology J,2.1,address unfound
UNI: City Hospital Department of Urology  No ttingham GB,2.07,address unfound
UNI: City University Department of Psycholog y  London GB,2.035,Institution not in Switzerland
UNI: Civil and Environmental Engineering  St anford USA,9.91,address unfound
UNI: Commissione Svizzera Ricerca del Quater nario  Morbio Inferiore CH,5.61,TI
UNI: Commissione Svizzera per la Ricerca del Quaternario Morbio Inferiore CH,5.61,TI
UNI: Cranfield University School of Manageme nt  Bedford GB,1.0,Institution not in Switzerland
UNI: Czech Technical University Faculty of E lectrical Engineering  Prag TS,15.0,address unfound
UNI: DANI Veterinary Sciences Division  Belf ast GB,5.151,address unfound
UNI: Departement of Environmental Microbiolo gy Dübendorf CH,3.5,ZH
UNI: Department of Chemistry and Biochemistr y Bern CH,13.0,BE
UNI: Department of Pathology University Medi cal Buildings  Aberdeen GB,1.9,Institution not in Switzerland
"UNI: Department of Physiology, University of Basel 4051 Basel CH",12.5,BS
UNI: Dept of Geography and Geology Cheltenha m and Gloucester College of Higher Education Cheltenham GB,0.756,Institution not in Switzerland
UNI: Dept. of Computer Science   Turku SF,85.3,Institution not in Switzerland
UNI: Dr. P. Manternach   Untersiggenthal CH,3.0,AG
UNI: Dübendorf CH,11.8,ZH
UNI: EAWAG  8600 Dübendorf CH,2.39,ZH
UNI: EMBL   Heidelberg D,92.0,address unfound
UNI: EMPA  Dübendorf CH,3.8,ZH
UNI: EPF Département de Physique  Lausanne C H,1.87,VD
UNI: EPF-L Institut de Physique Appliquée  E cublens CH,1.8,address unfound
UNI: EPF-L Institut de statique et structure s  Lausanne CH,7.2,VD
UNI: EPF-Lausanne Département de Physique  L ausanne CH,3.74,address unfound
UNI: EPF-Lausanne Département de chimie  Lau sanne CH,50.772,address unfound
"UNI: EPF-Lausanne Département de physique, o ptoélectroni- que quantique Lausanne CH",1.87,VD
"UNI: EPF-Lausanne Département de physique, o troélectroni- que quantique Lausanne CH",3.74,VD
UNI: EPF-Lausanne Départment de Chimie  Laus anne CH,1.237,address unfound
UNI: EPF-Lausanne IMHEF  Lausanne CH,5.61,VD
UNI: EPF-Lausanne IRRMA  Lausanne CH,13.09,VD
UNI: EPF-Lausanne Institut de Machines Hydra uliques et de Mécanique des Fluides Lausanne CH,11.22,VD
UNI: EPF-Lausanne Institut de microtechnique Lausanne CH,1.87,VD
UNI: EPF-Lausanne Institut de physique appli quée  Lausanne CH,9.350000000000001,VD
UNI: EPF-Lausanne Istituto di Fisica Applica ta  Lausanne CH,1.87,VD
UNI: EPF-Lausanne Laboratoire de métallurgie physique  Lausanne CH,14.4,VD
UNI: EPFL   Lausanne CH,1.87,VD
UNI: EPFL  1015 Lausanne CH,12.9,VD
UNI: EPFL  Lausanne CH,13.77,VD
UNI: EPFL Département des Matériaux Laborato ire de Technologie Lausanne CH,22.8,VD
UNI: EPFL Dépt. de Génie Civil  Lausanne CH,0.97,VD
UNI: EPFL Institut de Génie Atomique  Lausan ne CH,31.2,NE
UNI: EPFL Institut de chimie physique  Lausa nne CH,13.2,address unfound
UNI: EPFL Institut de physique expérimentale Lausanne CH,9.36,VD
UNI: ESRF European Synchrotron Radiation Fac ility  Grenoble F,10.623,address unfound
UNI: ETH   Zürich CH,40.0,ZH
UNI: ETH  Zürich CH,21.0,ZH
UNI: ETH-Hönggerberg Institut für Biophysik Zürich CH,43.18,ZH
UNI: ETH-Z Mikrobiologisches Institut  Züric h CH,9.36,address unfound
UNI: ETH-Zentrum Institut für Geschichte  Zü rich CH,2.1,address unfound
UNI: ETH-Zürich   Zürich CH,59.985,ZH
UNI: ETH-Zürich Analytische Chemie  Zürich C H,50.772,ZH
UNI: ETH-Zürich Dept. Chemie  Zürich CH,50.772,ZH
UNI: ETH-Zürich IPS-Interdisciplinary Projec t Center for Supercomputing Zürich CH,6.0,ZH
UNI: ETH-Zürich Insitut für Baustatistik und Konstruktion Zürich CH,21.0,ZH
UNI: ETH-Zürich Institut für Angewandte Phys ik  Zürich CH,5.61,ZH
UNI: ETH-Zürich Institut für Baustoffe  Züri ch CH,50.0,address unfound
UNI: ETH-Zürich Institut für Biochemie  Züri ch CH,3.8,address unfound
UNI: ETH-Zürich Institut für Biotechnologie Zürich CH,2.6,ZH
UNI: ETH-Zürich Institut für Feldtheorie und Höchstfrequenztechnik Zürich CH,22.8,ZH
UNI: ETH-Zürich Institut für Geschichte und Theorie der Architektur Zürich CH,5.6,ZH
UNI: ETH-Zürich Institut für Hydromechanik u nd Wasser- wirtschaft Zürich CH,54.0,ZH
UNI: ETH-Zürich Institut für Lebensmittelwis senschaft  Zürich CH,3.0,ZH
UNI: ETH-Zürich Institut für Nutztierwissens chaften  Zürich CH,5.61,ZH
"UNI: ETH-Zürich Institut für Nutztierwissens chaften, Physiologie und Tierhaltung Zürich CH",2.1,ZH
"UNI: ETH-Zürich Institut für Orts-, Regional - und Landesplanung Zürich CH",0.84,ZH
UNI: ETH-Zürich Institut für Pflanzenwissens chaften  Zürich CH,2.4,ZH
UNI: ETH-Zürich Institut für Quantenelektron ik  Zürich CH,2.4,ZH
UNI: ETH-Zürich Institut für Signal - und In formations- verbreitung Zürich CH,48.876,ZH
UNI: ETH-Zürich Institut für terrestrische O ekologie  Zürich CH,3.1,ZH
UNI: ETH-Zürich Institute of Mechanics  Züri ch CH,41.4,address unfound
UNI: ETH-Zürich Lab. für Organische Chemie E TH-Zentrum Zürich CH,52.794,ZH
UNI: ETH-Zürich Lab. für Organische Chemie Zürich CH,72.116,ZH
UNI: ETH-Zürich Lab. für Physikalische Chemi e  Zürich CH,78.77,ZH
UNI: ETH-Zürich Laboratorium für Organische Chemie ETH-Zentrum Zürich CH,83.231,ZH
UNI: ETH-Zürich Laboratorium für organische Chemie  Zürich CH,132.76,ZH
UNI: ETH-Zürich Mikrobiologisches Institut Zürich CH,5.61,ZH
UNI: ETH-Zürich Organisch-chemisches Laborat orium  Zürich CH,113.624,ZH
UNI: ETH-Zürich Theoretische Physik  Zürich CH,100.85,ZH
UNI: ETHZ   Zürich CH,44.4,ZH
UNI: ETHZ Laboratorium für organische Chemie Zürich CH,121.174,ZH
UNI: Ecole Nationale Superieure des Télécomm unications  Paris F,4.5,address unfound
UNI: Ecole Polytechnique Fédérale Départemen t de Physique  1015 Lausanne CH,1.68,VD
UNI: Ecole Polytechnique Fédérale Lab. de Mé tallurgie physique  Lausanne CH,0.78,VD
UNI: Ecole Pratique des Hautes Etudes IVe Se ction Paris F,36.88,address unfound
UNI: Ecole d'architecture   Strasbourg F,3.62,address unfound
UNI: Ecole des Hautes Etudes en Sciences Soc iales  Paris F,9.2,address unfound
UNI: Ecole nationale supérieure des Beaux-Ar ts  Paris F,0.25,address unfound
UNI: Ecole supérieure de physique et chimie Lab. d'optique physique Paris F,0.131,address unfound
UNI: Ecole supérieure de physique et chimie Paris F,0.46,address unfound
UNI: Eidg. Forschungsanstalt Dept Zoologie W ädenswil CH,1.35,address unfound
UNI: Eidg. Forschungsanstalt für Milchwirtsc haft FAM  Bern CH,9.9,BE
"UNI: Eidg. Forschungsanstalt für Obst-, Wein - und Gartenbau  Wädenswil CH",1.86,ZH
UNI: Eidg. Forschungsanstalt für landw. Pfla nzenbau Zürich CH,1.2,ZH
UNI: Eidg. Techn. Hochschule Institut für Ve rfahrens- und Kältetechnik Zürich CH,1.68,ZH
UNI: Eidgenössische Technische Hochschule Ve rkehrsplanung + Transporttechnik Zürich CH,2.6,ZH
UNI: European University Institute Robert Sc human Centre for Advanced Studies Florence I,129.36,address unfound
UNI: Europäisches Laboratorium für Molekular biologie  Heidelberg D,92.3,address unfound
UNI: Eötvös Lorand University Institute for Theoretical Physics  Budapest H,0.9,address unfound
UNI: Eötvös-Lorand-Universität Pädagogische Fakultät  Budapest H,0.65,address unfound
UNI: F. Hoffmann-La Roche Ltd. Pharma Resear ch - New Technologies  Basel CH,9.6,address unfound
UNI: Faculdade de direito internacional  Sao Paulo BR,12.5,Institution not in Switzerland
UNI: Fondation Hardt pour l'Etude de l'Antiq uité Classique Vandoeuvres CH,12.3,GE
UNI: Fondation Hardt pour l'étude de l'Antiq uité classique  Vandoeuvres CH,28.34,GE
UNI: Fondation Hardt pour l'étude de l'Antiq uité classique  Vandoeuvres GB,12.825,address unfound
UNI: Fondation Hardt pour l'étude de l'Antiq uité classique Vandoeuvres CH,9.225,GE
UNI: Fondation Hardt pour l'étude de l'antiq uité classique Vandoeuvres CH,4.2,GE
UNI: Fondation Le Corbusier   Paris F,21.16,address unfound
UNI: Fraunhofer Institute für Solar Energies ysteme Freiburg D,102.28,address unfound
UNI: Freie Universität Berlin   Berlin D,94.5,address unfound
UNI: Friedrich Miescher Institut  Basel CH,5.76,address unfound
UNI: Friedrich Miescher-Institut   Basel CH,75.54,address unfound
UNI: Friedrich Miescher-Institut  Basel CH,56.400000000000006,address unfound
UNI: Friedrich-Miescher Institut   Basel CH,142.808,address unfound
UNI: Friedrich-Miescher-Institut   Basel CH,52.62,address unfound
UNI: Gembloux Agricultural Dept. of general and applied Zoology  5030 Gembloux B,3.52,address unfound
UNI: HRI Dept of Plant Pathology & Weed Scie nce  Warwick GB,1.848,Institution not in Switzerland
"UNI: Hanshin University Institut of theologi cal Research 447-791 Kyungkido, Osansi Yangs andong 411 ROK",5.2,address unfound
"UNI: Harward University Graduate School of E ducation Roy E. Larsen Hall,Appian Way Cambr idge Massachusetts 02138 USA",11.6,Institution not in Switzerland
UNI: Heriott-Watt University Department of M athematics Riccarton Edinburgh GB,3.646,Institution not in Switzerland
UNI: Hokkaido University The Institute of Lo w Temperature Science Sapporo J,2.5,address unfound
UNI: Horticulture Research Horticulture Rese arch International Wellesbourne Warwick GB,7.25,Institution not in Switzerland
UNI: Horticulture Research International Wel lesbourne Warwick GB,1.756,Institution not in Switzerland
UNI: Humboldt-Universität Institut für Physi k  Berlin D,98.3,address unfound
UNI: Hôpital Cantonal Universitaire de Genèv e Genève CH,30.0,GE
UNI: Hôpital cant. universitaire Centre d'in formatique hospitalière  Genève CH,2.1,GE
UNI: IBM Research Division   Zürich CH,2.407,ZH
UNI: IMAGE et VILLE Institut de Géographie Strasbourg F,7.8,address unfound
UNI: IRISA/INRIA - Rennes  Campus de Beaulie u Rennes Cédex F,9.32,address unfound
UNI: ISREC Institut Suisse de Recherche Expé rimen- tale sur le Cancer Epalinges CH,48.876,VD
"UNI: ISSDS, Firenze ISSDS Piazza D'Azeglio 3 0 Firenze I",0.18,address unfound
UNI: ITEM CNRS  Paris F,45.5,address unfound
UNI: Imperial Cancer Research Fund   London GB,2.31,Institution not in Switzerland
UNI: Imperial Cancer Research Fund Clare Hal l Laboratories  Herts GB,11.392,Institution not in Switzerland
UNI: Imperial College Department of Biology London GB,1.792,Institution not in Switzerland
UNI: Imperial College Department of Mathemat ics  London GB,4.41,Institution not in Switzerland
UNI: Imperial College of Science  Berkshire GB,4.35,Institution not in Switzerland
UNI: Iniversität Zürich Psychologisches Inst itut  Zürich CH,2.6,ZH
UNI: Inselspital  Bern CH,10.5,BE
UNI: Inselspital Bern  Bern CH,0.3,BE
UNI: Inselspital Bern Institut für klinische Immunologie  Bern CH,33.6,BE
UNI: Inst. for Medical Research   London GB,2.31,Institution not in Switzerland
UNI: Institut Eurècom Mobile Communications Department  Sophia Antipolis F,130.8,address unfound
UNI: Institut Fremdenverkehr + Verkehrswirt- schaft - Hochschule St. Gallen St. Gallen C H,1.3,SG
UNI: Institut d'Optique Théorique et Appliqu ée  Orsay F,92.6,address unfound
"UNI: Institut des Marxismus-Leninismus beim ZK der KPdSU, Zentralarchiv der KPdSU Moskau UDSSR",1.02,address unfound
UNI: Institut des Sciences Cognitives  Bron F,109.6,address unfound
UNI: Institut suisse de droit comparé Dorign y Lausanne CH,7.92,VD
UNI: Institut suisse de recherches expérimen tales sur le cancer  Epalinges CH,35.661,VD
UNI: Institute of Physics and Astronomy Ny M unkegade Building 520 Aarhus DK,55.69,Institution not in Switzerland
UNI: Int. Mycological Institute   Egham GB,0.5,Institution not in Switzerland
UNI: Int. Space University   Stockholm S,8.4,address unfound
UNI: Intern. Acupuncture Center   Beijing VR C,9.7,address unfound
UNI: Istituto Nazionale di Fisica Nucleare Roma I,137.0,address unfound
UNI: Istituto Ricerche Economiche   Bellinzo na CH,1.4,address unfound
UNI: Istituto Sperimentale (ISSDS) Firenze I,0.18,address unfound
UNI: Istituto svizzero   Roma I,3.0,address unfound
UNI: Jodrell Laboratory   Richmond GB,77.8,Institution not in Switzerland
UNI: Johns Hokins University Department of C hemical Engineering  Maryland USA,11.84,Institution not in Switzerland
UNI: KAIST Department of Computer Science  T aejon ROK,1.59,address unfound
UNI: KAIST Department of Materials Science a nd Engineerin Taejon ROK,2.5,address unfound
UNI: Kagoshima University Faculty of Agricul ture 1-21-24 Korimoto Kagoshima 890-0065 J,2.2,address unfound
"UNI: Kansai Advanced Research Center, Commun ications Research Laboratory Tokyo J",9.6,address unfound
UNI: Kantonsspital Basel Abt. Neurobiologie Basel CH,15.6,BS
UNI: Kantonsspital Basel Departement Innere Medizin  Basel CH,18.0,BS
UNI: Kantonsspital Basel Spitalstrasse 21 Ba sel CH,1.4,address unfound
UNI: King's College   Cambridge GB,2.386,Institution not in Switzerland
UNI: Korea Advanced Institute  Taejon ROK,1.52,address unfound
UNI: Kunstmuseum Basel Oeffentliche Kunstsam mlung  Basel CH,2.1,BS
UNI: Kunstmuseum Bern   Bern CH,6.0,BE
UNI: Kyoto Institute of Technology Laborator y of Chemistry  Kyoto J,11.22,address unfound
UNI: L.K. University Department of Genetics Debrecen H,0.7,address unfound
UNI: La Trobe University School of Genetics and Humqs Variation Faculty of Science and T echnology Victoria AUS,12.83,Institution not in Switzerland
UNI: Laboratoire de Recherche des Musées de France  Paris F,46.0,address unfound
UNI: Lancaster University School of Physics and Chemistry Lancaster GB,2.148,Institution not in Switzerland
UNI: Lancaster University School of Physics and Materials  Lancaster GB,2.08,Institution not in Switzerland
UNI: Landcare Research N.Z. ltd  Hamilton NZ,13.5,Institution not in Switzerland
UNI: Lawrence Berkeley Laboratories   USA,4.27,address unfound
UNI: Leiden University Department of Compara tive linguistics (VTW) Leiden NL,2.042,Institution not in Switzerland
UNI: Linacre College   Oxford GB,3.69,Institution not in Switzerland
UNI: London Business School  London GB,3.98,Institution not in Switzerland
UNI: London GB,0.85,Institution not in Switzerland
UNI: Loughborough University Department of E conomics  Leics GB,2.148,Institution not in Switzerland
UNI: Loughborough University IPTME  Leiceste rshire GB,3.863,address unfound
UNI: Ludwig Institute for Cancer Research  L ondon GB,1.0,address unfound
UNI: MRC Applied Psychology Unit  Cambridge GB,1.9,Institution not in Switzerland
UNI: MRC Dept of Biochemistry  Dundee GB,2.08,Institution not in Switzerland
UNI: MRC Laboratory  Cambridge GB,119.6,Institution not in Switzerland
UNI: MRC Royal Postgraduate Medical School H ammersmith Hospital London GB,96.4,Institution not in Switzerland
UNI: MRC Western General Hospital  Edinburgh GB,0.95,Institution not in Switzerland
UNI: MRC for Molecular Cell Biology  London GB,0.77,Institution not in Switzerland
UNI: MRC of Molecular Biology  Cambridge GB,4.6,Institution not in Switzerland
UNI: Makerere University Biological Field St ation Uganda EAU,4.8,address unfound
UNI: Manchester University Geology Departmen t  Manchester GB,2.0,Institution not in Switzerland
UNI: Marie Meierhofer-Institut für das Kind Zürich CH,4.8,ZH
UNI: Martin-Luther Universität Fachbereich E rziehungswissenschaften Istitut für Pädagogi k Halle/Saale D,104.48,address unfound
UNI: Max-Planck-Institut Am Klopferspitz 18a Martinsried D,86.26,address unfound
UNI: McMaster University Department of Biolo gy  Hamilton CDN,1.3,address unfound
UNI: Medical Research Council Clinical Oncol ogy Unit  Cambrige GB,1.594,address unfound
UNI: Mikrobiologisches Institut ETH-Zentrum Zürich CH,1.4,ZH
UNI: Museo cantonale di Storia   Lugano CH,5.61,TI
UNI: Méchanique statistique de la Turbulence Marseille F,6.042,address unfound
UNI: NERC Institute of Virology and Environm ental Microbiology Oxford GB,4.52,Institution not in Switzerland
UNI: Nat. Verteidigungsuniversität   Budapes t H,1.7,address unfound
UNI: National Central University Department of Physics  Chung-Li RC,2.55,address unfound
UNI: National Chengchi University Graduate I nstitute of Technology and Innovative Manage ment Taipei VRC,1.5,address unfound
UNI: National Museum of Wales Department of Geology  Cardiff GB,2.08,Institution not in Switzerland
UNI: National Science Council   Taipei RC,2.44,Institution not in Switzerland
UNI: National-Oekonomische Uni   Budapest H,3.0,address unfound
UNI: Naturhistorisches Museum   Bern CH,2.1,BE
UNI: Needham Research Institute East Asian H istory of Science Library  Cambridge GB,4.05,Institution not in Switzerland
UNI: Needham Research Institute Science and Civilisation in China Project Cambridge GB,0.8,Institution not in Switzerland
UNI: Nene University College Northampton  No rthampton GB,1.993,address unfound
UNI: Ninewells Hospital and Medical School D ept of Pharmacology Dundee GB,4.16,Institution not in Switzerland
UNI: Northwestern  University   Evanston USA,6.03,Institution not in Switzerland
UNI: Observatoire cantonal de Neuchâtel  Neu châtel CH,14.4,address unfound
UNI: Ospedale La Carità Ospedale Regionale d i Locarno  Locarno CH,5.61,TI
UNI: Paris F,0.16,Institution not in Switzerland
UNI: Pro Grigioni Italiano  Chur CH,3.74,GR
UNI: Radcliffe Infirmary University Departme nt of Clinical Pharmacology Oxford GB,2.082,Institution not in Switzerland
UNI: Royal Belgian Institute of Natural Scie nces Dept of Recent Vertebrates Brussels B,126.8,address unfound
UNI: Royal Medical School Dept of Infectious Diseases and Bacteriology London GB,2.5,Institution not in Switzerland
UNI: Royal Medical School Dept. of Infectiou s Diseases and Bacteriology London GB,0.792,Institution not in Switzerland
UNI: Rui Jin Hospital Shanghai No 2 Medical University  Shanghai VRC,10.1,address unfound
UNI: Russian Academy of Sciences   Nowosibir sk RUS,1.5,address unfound
UNI: Saitama University Institute for Intern ational Policy Studies Tokyo J,2.4,address unfound
UNI: School of Biological Sciences Neuroscie nce Research Group Biomedical Sciences Build ing Southampton GB,2.567,Institution not in Switzerland
UNI: School of Computer Science  Caulfield A US,3.5,address unfound
UNI: School of Economics Centre for Voluntar y Organisation  London GB,0.44,Institution not in Switzerland
UNI: Schweiz. Baumuster-Centrale  Zürich CH,2.4,ZH
UNI: Schweiz. Bundesarchiv   Bern CH,13.5,BE
UNI: Schweiz. Fachstelle für Alkoholprobleme Lausanne CH,5.61,VD
UNI: Schweiz. Meteorologische Anstalt Krähbü hlstrasse 58 Zürich CH,1.32,ZH
UNI: Schweiz. Osteuropa-Bibliothek   Bern CH,1.68,BE
UNI: Schweiz. Verband für Berufsberatung Eid mattstrasse 51 Zürich CH,0.9,ZH
UNI: Schweizerdeutsches Wörterbuch Schweizer isches Idiotikon  Zürich CH,2.1,ZH
UNI: Schweizerische Osteuropa-Bibliothek Jub iläumsstrasse 41 Bern CH,3.0,BE
UNI: Schweizerisches Landesmuseum Sektion Ur - und Frühgeschichte  Zürich CH,2.94,ZH
UNI: Scottish Crop Research Inst.   Dundee G B,2.3,Institution not in Switzerland
UNI: Scottish Crop Research Inst.  Invergowr ie Dundee GB,3.08,Institution not in Switzerland
UNI: Sheffield Hallam University Division of Biomedical Sciences  Sheffield GB,3.7,Institution not in Switzerland
UNI: Shemyakin Institute of Bioorganic Chemi stry Moskau UDSSR,1.2,address unfound
UNI: Siemens AG Corporate Research and Devel opment ZTE T EP6 Erlangen D,52.8,address unfound
UNI: Southern Denmark University   Odense DK,110.69,Institution not in Switzerland
UNI: Southern Denmark University Institut of Biology Campusvej 55 Odense DK,110.69,Institution not in Switzerland
UNI: St Thomas'Hospital Medical School Divis ion of Physiology London GB,1.0,Institution not in Switzerland
UNI: St. Mary's Hospital Medical School Depa rtmwent of Histopathology London GB,1.36,Institution not in Switzerland
UNI: Staatsarchiv Lambeth Palace British Lib rary London GB,0.688,Institution not in Switzerland
UNI: Stanford University Dept. of Management Science and Engineering Stanford USA,2.61,Institution not in Switzerland
UNI: Stiftung Arbeitszukunft Kontaktstelle A rbeit - Beruf - Ausbil- dung Meilen CH,4.5,ZH
UNI: Stiftung Schweizerische Osteuropa-Bibli othek  Bern CH,1.4,BE
UNI: Strathclyde University Centre for Occup ational and Health Psychology Glasgow GB,1.3,Institution not in Switzerland
UNI: Studi di Milano   Milano I,103.12,Institution not in Switzerland
UNI: Swedish Institute of Computer Science A B  Kista S,55.24,address unfound
UNI: The British Museum Department of Greek and Roman Antiquities London GB,1.5,Institution not in Switzerland
UNI: The Imperial College Neuroscience and P sychological Medicine  London GB,159.96,Institution not in Switzerland
UNI: The Natural History Museum Department o f Entomology  London GB,3.234,Institution not in Switzerland
UNI: The Open University Department of Chemi stry  Milton Keynes GB,0.855,Institution not in Switzerland
UNI: The Queen's University   Belfast GB,2.134,address unfound
UNI: The University of Queensland Centre for Immunoloogie and Cancer Research Brisbane A US,2.3,address unfound
UNI: Tokyo J,1.56,Institution not in Switzerland
UNI: Tunghai University Dept. of Sociology Taichung RC,1.62,address unfound
UNI: Ungarische Akademie der Wissenschaften Forschungsinstitut für Techn. Physik Budapes t H,15.6,address unfound
UNI: United Medical School Guy's Hospital Ca mpus  London GB,2.75,Institution not in Switzerland
UNI: Univeristät Zürich Organisch-Chemisches Institut  Zürich CH,43.28,ZH
UNI: Universidad Politécnica Dept. de Biotec nologia lab. of Microbiologia Madrid E,129.6,address unfound
UNI: Universidade de Brasilia Instituto de C iencias Exatas Dep. de Matematica Brasilia B R,5.69,Institution not in Switzerland
UNI: Universita di Roma Faculta di giurispru denza  Roma I,0.215,address unfound
UNI: University College   London GB,136.12,Institution not in Switzerland
UNI: University College London Department of Medical Physics & Bioengineering London GB,56.48,Institution not in Switzerland
UNI: University College London Department of Physics and Astronomy  London GB,1.162,Institution not in Switzerland
UNI: University College London Dept of Anato my and Developmental Biology London GB,1.323,Institution not in Switzerland
UNI: University College London Dept of Physi cs and Astronomy  London GB,2.39,Institution not in Switzerland
UNI: University College of London Department of Mechanical Engineering  London GB,4.068,Institution not in Switzerland
UNI: University Hospital Zürich   Zürich CH,2.5,ZH
UNI: University of Aberdeen Department of La nd Economy St Marys Elphinstone Road Aberdee n GB,1.193,address unfound
UNI: University of Aberdeen Dept of Land Eco nomy  Old Aberdeen GB,1.972,Institution not in Switzerland
UNI: University of Arkansas High Density Ele ctronics Center  Fayetteville USA,4.84,Institution not in Switzerland
UNI: University of Berne Institute of Applie d Physics  Berne CH,9.0,BE
UNI: University of Birmingham Department of Economics  Birmingham GB,1.49,Institution not in Switzerland
UNI: University of Birmingham Graduate Schoo l of International Studies Birmingham GB,1.067,Institution not in Switzerland
UNI: University of Birmingham School of Chem istry  Birmingham GB,0.378,Institution not in Switzerland
UNI: University of Birmingham School of Geog raphy  Birmingham GB,1.54,Institution not in Switzerland
UNI: University of Birmingham School of Geog raphy Service Sector Research Unit Brimingha m GB,2.35,address unfound
UNI: University of Birmingham School of Phys ics and Space Research  Birmingham GB,1.49,Institution not in Switzerland
UNI: University of Bristol Department of Ana tomy School of Medical Sciences Bristol GB,140.8,Institution not in Switzerland
UNI: University of Bristol Department of Geo logy  Bristol GB,2.579,Institution not in Switzerland
UNI: University of Bristol H.H. Wills Physic s Laboratory  Bristol GB,1.823,Institution not in Switzerland
UNI: University of Bristol H.H.Wills Physics Laboratory  Bristol GB,2.757,Institution not in Switzerland
UNI: University of Bristol School of Mathema tics  Bristol GB,1.256,Institution not in Switzerland
UNI: University of Brit. Columbia Department of Physics  Vancouver CDN,8.716,address unfound
UNI: University of British Columb. Dept of C hemistry  Vancouver CDN,7.2,address unfound
UNI: University of Calgary Dept of Civil Eng ineering  Calgary CDN,2.4,address unfound
UNI: University of Calgary Faculty of Manage ment  Calgary CDN,17.4,address unfound
UNI: University of California    USA,4.59,Institution not in Switzerland
UNI: University of California   La Jolla USA,6.95,Institution not in Switzerland
UNI: University of California Dept of Physic s  Berkeley USA,99.734,Institution not in Switzerland
UNI: University of Cambridge  Dept. of Chemi stry Cambridge GB,127.1,Institution not in Switzerland
UNI: University of Cambridge Company of Biol ogists  Cambridge GB,1.81,Institution not in Switzerland
UNI: University of Cambridge Department of A pplied Mathematics and Theoretical Physics C ambridge GB,2.009,address unfound
UNI: University of Cambridge Department of E lectrical Engineering  Cambridge GB,3.524,Institution not in Switzerland
UNI: University of Cambridge Department of E ngineering  Cambridge GB,1.575,Institution not in Switzerland
UNI: University of Cambridge Department of L inguistics  Cambridge GB,3.157,Institution not in Switzerland
UNI: University of Cambridge Department of Z oology  Cambridge GB,134.3,Institution not in Switzerland
UNI: University of Cambridge Dept. of Zoolog y Downing Street Cambridge GB,91.55,Institution not in Switzerland
UNI: University of Cambridge Institute of Bi otechnology  Cambridge GB,2.6,Institution not in Switzerland
UNI: University of Cambridge Wellcome/CRC In stitute Tennis Court Road Cambridge GB,107.61,Institution not in Switzerland
UNI: University of Catania Dept of Procedura l Law  Catania I,0.25,address unfound
UNI: University of Copenhagen Zoological Ins titute  Copenhagen DK,140.64,Institution not in Switzerland
UNI: University of Dublin    IR,2.88,address unfound
UNI: University of East Anglia Climatic Rese arch Unit  Norwich GB,6.58,Institution not in Switzerland
UNI: University of East Anglia School of Env ironmental Sciences  Norwich GB,4.728,Institution not in Switzerland
UNI: University of East Anglia School of Law Norwich GB,7.6,Institution not in Switzerland
UNI: University of Edinburgh   Edinburgh GB,134.73000000000002,Institution not in Switzerland
UNI: University of Edinburgh Centre for Cogn itive Science  Edinburgh GB,2.08,Institution not in Switzerland
UNI: University of Edinburgh Department of G eography  Edinburgh GB,1.225,Institution not in Switzerland
UNI: University of Edinburgh Istitute of Cel l Animal and Population Biology Edinburgh GB,139.56,Institution not in Switzerland
UNI: University of Essex Dept of Biological and Chemical Sciences Colchester GB,4.0,Institution not in Switzerland
UNI: University of Exeter Department of Math ematics  Exeter GB,1.94,Institution not in Switzerland
UNI: University of Exeter Dept of Biological Sciences  Exeter GB,3.7,Institution not in Switzerland
UNI: University of Florida   Gainesville USA,11.8,address unfound
UNI: University of Geneva Department of Nucl ear and Particle Physics Geneva CH,40.0,GE
UNI: University of Geneva Dept of Theoretica l Physics  Geneva CH,38.04,GE
"UNI: University of Geneva School of Dental M edicine 19, rue Barthelemy-Menn Geneva CH",7.0,Genève
UNI: University of Glasgow Department of Mat hs  Glasgow GB,0.27,Institution not in Switzerland
UNI: University of Glasgow Institut of Biome dical and Life Sciences Glasgow GB,1.0,Institution not in Switzerland
UNI: University of Hertfordshire Engineering Research and Development Centre Hertfordshi re GB,2.52,address unfound
UNI: University of Huddersfield Department o f Chemical Science  Huddersfield GB,3.146,Institution not in Switzerland
UNI: University of Hull School of Economic S tudies  Hull GB,8.64,Institution not in Switzerland
UNI: University of Kent Eliot College  Cante rbury GB,2.8,address unfound
UNI: University of Kyoto Dept of Mathematics Kyoto J,6.018,address unfound
UNI: University of Kyoto Institute for Resea rch in Humanities Jinbun Kagaku Kenkyusyo Ky oto J,2.68,address unfound
UNI: University of Lancaster Department of P hilosophy  Lancaster GB,3.08,Institution not in Switzerland
UNI: University of Lancaster Dept of Geograp hy  Lancaster GB,0.77,Institution not in Switzerland
UNI: University of Leeds Department of Earth Sciences  Leeds GB,2.39,Institution not in Switzerland
UNI: University of Leicester Department of C hemistry  Leicester GB,1.58,Institution not in Switzerland
UNI: University of Liverpool Dept of Statist ics & Computational Mathematics Liverpool GB,1.701,Institution not in Switzerland
UNI: University of London Birkbeck College D ept of applied linguistics London GB,0.77,Institution not in Switzerland
UNI: University of London Dept of Music  Egh am GB,1.796,address unfound
UNI: University of London Institute of Neuro logy  London GB,126.5,Institution not in Switzerland
UNI: University of London School of Economic s and Political Science London GB,74.8,Institution not in Switzerland
UNI: University of London School of Medicine St. George's Hospital London GB,1.792,Institution not in Switzerland
UNI: University of London School of Pharmacy London GB,0.63,Institution not in Switzerland
UNI: University of London The Warburg Instit ute  London GB,11.55,Institution not in Switzerland
UNI: University of Loughborough IPTME  Leice stershire GB,7.498,address unfound
UNI: University of Manchester Department of Earth Sciences  Manchester GB,6.726,Institution not in Switzerland
UNI: University of Manchester The Royal Infi rmary Department of Medicine Manchester GB,1.945,Institution not in Switzerland
UNI: University of Melbourne Russell Grimwad e School of Biochemistry and Molecular Biolo gy Parkvill AUS,9.33,address unfound
UNI: University of Nebraska    USA,10.17,Institution not in Switzerland
UNI: University of Newcastle Department of C hemical & Process Engineering Newcstle-upon- Tyne GB,2.444,address unfound
UNI: University of Nottingham Civil Engineer ing  Nottingham GB,4.575,Institution not in Switzerland
UNI: University of Okayama Faculty of Scienc e Dept. of Mathematics Okayama J,6.296,address unfound
UNI: University of Oxford   Oxford GB,157.61,address unfound
UNI: University of Oxford Balliol College  O xford GB,2.2,address unfound
UNI: University of Oxford Chemical Crystallo graphy Laboratory  Oxford GB,3.8,Institution not in Switzerland
UNI: University of Oxford Computing Laborato ry  Oxford GB,4.268,Institution not in Switzerland
UNI: University of Oxford Department of Mate rials  Oxford GB,2.89,Institution not in Switzerland
UNI: University of Oxford Dept of Human Anat omy  Oxford GB,2.31,Institution not in Switzerland
UNI: University of Oxford Dept of Physics  O xford GB,88.5,address unfound
UNI: University of Oxford Mathematical Insti tute  Oxford GB,1.017,Institution not in Switzerland
UNI: University of Oxford St. Anne's College Dept. of Modern History Oxford GB,0.5,Institution not in Switzerland
UNI: University of Oxford Sub-Faculty of Phi losophy  Oxford GB,44.8,Institution not in Switzerland
UNI: University of Oxford Wolfson College Ce ntre for Socio-Legal Studies Oxford GB,0.5,Institution not in Switzerland
UNI: University of Queensland Social and Eco nomic Research Center  Queensland AUS,3.22,Institution not in Switzerland
"UNI: University of Science and Technology of China Dept of modern Physics Hefei, Anhui V RC",2.5,address unfound
UNI: University of Sheffield Centre for Huma n Nutrition Northern General Hospital Sheffi eld GB,1.063,address unfound
UNI: University of Sheffield Department of C omputer Science Regent Court Sheffield GB,1.798,Institution not in Switzerland
UNI: University of Sheffield Department of G eography  Sheffield GB,1.512,Institution not in Switzerland
UNI: University of Sheffield Department of T own and Regional Planning Sheffield GB,2.07,Institution not in Switzerland
UNI: University of Sheffield Dept of Enginee ring Materials  Sheffield GB,3.948,Institution not in Switzerland
UNI: University of Sheffield Dept of Physics Sheffield GB,2.394,Institution not in Switzerland
UNI: University of Sheffield Dept. of OBS & GYN  Sheffield GB,3.08,Institution not in Switzerland
UNI: University of Sheffield Krebs Institute for Biomolecular Research Sheffield GB,3.424,Institution not in Switzerland
UNI: University of Sheffield Leisure Managem ent Unit  Sheffield GB,3.118,Institution not in Switzerland
UNI: University of Southampton Faculty of La w  Southampton GB,0.5,Institution not in Switzerland
UNI: University of Strathclyde Department of Management Sciences  Glasgow GB,0.784,Institution not in Switzerland
UNI: University of Strathclyde Department of P&A Chemistry  Glasgow GB,1.26,Institution not in Switzerland
UNI: University of Strathclyde Division of O ptoelectronics  Glasgow GB,1.697,Institution not in Switzerland
UNI: University of Surrey Dept of Mathematic al and Computing Sciences Surrey GB,4.15,Institution not in Switzerland
UNI: University of Sussex School of Chemistr y and Molecular Sciences Brighton GB,2.134,Institution not in Switzerland
"UNI: University of Sussex School of Chemistr y, Physics and Environmental Science Brighto n GB",2.449,address unfound
UNI: University of Texas   Galveston USA,11.78,Institution not in Switzerland
UNI: University of Tsukuba Institute of Mate rial Science  Tsukuba J,5.735,address unfound
UNI: University of Ulster Bionedical Science s  Londonderry GB,3.48,Institution not in Switzerland
UNI: University of Ulster Department of Biol ogical and Biomedical Sciences Coleraine GB,2.882,Institution not in Switzerland
UNI: University of Utrecht Research Institut e of Toxicology  Utrecht NL,126.8,Institution not in Switzerland
UNI: University of Wales Bangor SABE / Manag ement  Gwynedd GB,2.066,Institution not in Switzerland
UNI: University of Warwick Dept. of Economic s  Coventry GB,1.71,Institution not in Switzerland
UNI: University of Warwick Joint School of T heatre Studies  Coventry GB,2.7,Institution not in Switzerland
UNI: University of Washington   Seattle USA,11.96,Institution not in Switzerland
UNI: University of York Department of Biolog y  York GB,2.0,Institution not in Switzerland
UNI: University of Zürich   Zürich CH,3.8,ZH
UNI: Università degli Studi di Firenze  Fire nze I,0.19,address unfound
UNI: Università di Ferrara Dipartimento di S cienze Geologiche e Paleontologiche Ferrara I,87.17,address unfound
UNI: Università di Genova Dipartimento di Fi losofia  Genova I,0.15,address unfound
UNI: Universität Basel Aegyptologisches Semi nar  Basel CH,3.0,address unfound
UNI: Universität Basel Archäologisches Semin ar  4056 Basel CH,5.9,BS
UNI: Universität Basel Astronomisches Instit ut  Basel CH,7.38,address unfound
UNI: Universität Basel Biozentrum  Basel CH,90.11999999999999,address unfound
UNI: Universität Basel Biozentrum / Abteilun g Mikrobiologie Klingelbergstrasse 70 4056 B asel CH,4.0,address unfound
UNI: Universität Basel Deutsches Seminar  Ba sel CH,9.0,address unfound
UNI: Universität Basel Deutsches Seminar Eng elhof / Nadelberg 4 Basel CH,7.0,BS
UNI: Universität Basel Frey-Grynaeisches Ins titut  Basel CH,3.5,address unfound
UNI: Universität Basel Geographisches Instit ut  Basel CH,11.65,address unfound
UNI: Universität Basel Geographisches Instit ut Klingelbergstrasse 16 Basel CH,1.3,BS
UNI: Universität Basel Geologisch-Paläontolo gisches Institut  Basel CH,9.8,BS
UNI: Universität Basel Historisches Institut Basel CH,2.874,BS
UNI: Universität Basel Historisches Seminar Basel CH,9.0,BS
UNI: Universität Basel Institut für Statisti k und Oekonometrie Basel CH,5.7,address unfound
UNI: Universität Basel Psychiatrische Univer sitätsklinik  Basel CH,38.3,BS
UNI: Universität Basel Seminar für Klassisch e Philologie  Basel CH,3.74,BS
UNI: Universität Basel Zoologisches Institut Basel CH,95.36,BS
UNI: Universität Bern   Bern CH,26.854,BE
UNI: Universität Bern Botanische Institute P flanzenphysiologisches Institut Bern CH,3.0,BE
UNI: Universität Bern Evangelisch-theologisc hes Seminar  Bern CH,35.0,BE
UNI: Universität Bern Geografisches Institut Bern CH,1.2,BE
UNI: Universität Bern Historisches Institut Abteilung für Schweizer Geschichte Bern CH,5.61,BE
UNI: Universität Bern Institut für Allgemein e Mikrobiologie  Bern CH,44.0253,BE
UNI: Universität Bern Institut für Pädagogik Bern CH,36.0,BE
UNI: Universität Bern Institut für anorganis che Chemie  Bern CH,3.12,BE
UNI: Universität Bern Institut für anorganis che und physika- lische Chemie Bern CH,14.4,BE
UNI: Universität Bern Institut für organisch e Chemie  Bern CH,9.0,BE
UNI: Universität Bern Laboratorium für chemi sche und minera- logische Kristallographie B ern CH,36.0,address unfound
UNI: Universität Bern M.E. Müller Institut f ür Biomechanik  Bern CH,75.9,BE
UNI: Universität Bern M.E. Müller-Institut f ür Biomechanik  Bern CH,38.2,BE
UNI: Universität Bern Physiologisches Instit ut  Bern CH,4.68,BE
UNI: Universität Bern Zoologisches Institut Abteilung Neurobiologie Bern CH,6.0,BE
UNI: Universität Budapest of Economic Scienc es  Budapest H,1.3,address unfound
UNI: Universität Dortmund Fachbereich Chemie (Anorganische Chemie) Dortmund D,63.6,address unfound
UNI: Universität Freiburg   Freiburg CH,7.8,FR
UNI: Universität Freiburg Heilpädagogisches Institut  Freiburg CH,3.0,FR
UNI: Universität Freiburg Philosophisches Se minar  Freiburg CH,15.6,FR
UNI: Universität Freiburg Physikalisches Ins titut  Freiburg CH,1.4,FR
UNI: Universität Freiburg Physikalisches-che misches Institut  Freiburg CH,13.8,FR
UNI: Universität Freiburg Psychologisches In stitut  Freiburg CH,3.5,FR
UNI: Universität Freiburg Pädagogisches Inst itut  Freiburg CH,6.0,FR
UNI: Universität Fribourg Institut für Physi kalische Chemie  Fribourg CH,7.8,FR
UNI: Universität Fribourg Rechtswissenschaft liche Fakultät  Fribourg CH,3.15,FR
UNI: Universität Hamburg Institut für Geogra phie Bundesstrasse 55 Hamburg D,147.25,address unfound
UNI: Universität Heidelberg Südasieninstitut Heidelberg D,4.555,address unfound
UNI: Universität Lausanne Institut für organ ische Chemie  Lausanne CH,39.98,VD
UNI: Universität Lodz Abteilung für Biophysi k Banacha 12/16 Lodz PL,0.8,Institution not in Switzerland
UNI: Universität St. Gallen Schweizerisches Institut für gewerb- liche Wirtschaft St. Ga llen CH,3.5,address unfound
UNI: Universität Tübingen Philosophisches Se minar Bursagasse 1 Tübingen D,156.0,address unfound
UNI: Universität Zürich   Zürich CH,4.62,ZH
UNI: Universität Zürich Anorganisch-chemisch es Institut  Zürich CH,3.5,ZH
UNI: Universität Zürich Anorganisch-chemisch es Institut Winterthurerstrasse 190 Zürich C H,1.2,ZH
UNI: Universität Zürich Anorganisches-chemis ches Institut Winterthurerstrasse 190 Zürich CH,1.2,ZH
UNI: Universität Zürich Departement Patholog ie Institut für Neuropathologie Zürich CH,21.0,ZH
UNI: Universität Zürich Deutsches Seminar  Z ürich CH,7.0,address unfound
UNI: Universität Zürich Deutsches Seminar Li nguistische Abteilung Zürich CH,3.0,ZH
UNI: Universität Zürich Institut für Informa tik  Zürich CH,4.2,ZH
UNI: Universität Zürich Institut für Pflanze nbiologie  Zürich CH,9.15,ZH
UNI: Universität Zürich Institut für Pflanze nbiologie Limnologische Station Kilchberg CH,5.61,ZH
UNI: Universität Zürich Institut für empiris che Wirtschafts- forschung Zürich CH,1.4,ZH
UNI: Universität Zürich Institute of Veterin ary Pathology  Zürich CH,12.88,ZH
UNI: Universität Zürich Lab. für organische Chemie  Zürich CH,28.1,ZH
UNI: Universität Zürich Organisch-Chemisches Institut  Zürich CH,41.87,ZH
UNI: Universität Zürich Paläontologisches In stitut  Zürich CH,2.1,ZH
UNI: Universität Zürich Pharmakologisches In stitut  Zürich CH,36.0,ZH
UNI: Universität Zürich Philosophisches Semi nar  Zürich CH,5.61,ZH
UNI: Universität Zürich Physik-Institut  Zür ich CH,4.5,address unfound
UNI: Universität Zürich Physikalisches Insti tut  Zürich CH,15.3,ZH
UNI: Universität Zürich Physiologisches Inst itut  Zürich CH,58.22,ZH
UNI: Universität Zürich Slavisches Seminar Zürich CH,1.65,ZH
UNI: Universität Zürich Universitätsspital Zürich CH,39.745,ZH
UNI: Universität Zürich Wirtschaftswissensch aftliches Institut  Zürich CH,1.3,ZH
UNI: Universität Zürich Zahnärztliches Insti tut  Zürich CH,57.184,ZH
UNI: Universität Zürich Zoologisches Institu t  Zürich CH,57.6,ZH
UNI: Universität Zürich-Irchel Dept. of Comp uter Sciences  Zürich CH,3.465,ZH
UNI: Universität Zürich-Irchel Geographische s Institut  Zürich CH,3.0,ZH
UNI: Universität von Freiburg Institut für I nformatik  Freiburg CH,11.28,FR
UNI: Universitätskliniken Kantonsspital Base l Institut für Pathologie Basel CH,3.8,BS
UNI: Universitätsspital Zürich Departement f ür Frauenheilkunde Klinik und Poliklinik für Geburtshilfe Zürich CH,20.8,ZH
UNI: Universitätsspital Zürich Klinik und Po liklinik für Geburtshilfe  Zürich CH,7.8,ZH
UNI: Université   Lausanne CH,11.626,VD
UNI: Université Joseph Fourier Laboratoire d e physique numérique des systèmes complexes Grenoble F,60.0,address unfound
UNI: Université Laval Centre de Recherche en Endocrinologie  Québec CDN,1.153,address unfound
UNI: Université Louis Pasteur URA CNRS 854 I nstitut de Mécanique des Fluids (IMF) Strasb ourg F,6.0,address unfound
UNI: Université P. et M. Curie   Paris F,105.28,address unfound
UNI: Université Paris-Sud Laboratoire de Syn thèse Asymétrique  Orsay Cedex F,56.4,address unfound
UNI: Université Tours Institut d'Etudes Germ aniques  Osny F,0.74,address unfound
UNI: Université catholique de Louvain  Louva in-la-Neuve B,104.15,address unfound
UNI: Université de Fribourg   Fribourg CH,1.87,FR
UNI: Université de Fribourg Institut de chim ie organique  Fribourg CH,60.0,FR
UNI: Université de Genève   Genève CH,77.5,GE
UNI: Université de Genève Centre Médical Uni versitaire (CMU)  Genève CH,3.12,GE
UNI: Université de Genève Centre universitai re d'étude des problèmes de l'énergie Genève CH,1.56,GE
UNI: Université de Genève Department of Cond ensed Matter Physics  Genève CH,54.0,GE
UNI: Université de Genève Dept. de physique de la matière condensée Genève CH,62.366,GE
UNI: Université de Genève Département de Pat hologie  Genève CH,13.8,GE
UNI: Université de Genève Département de bio chimie médicale  Genève CH,4.68,GE
"UNI: Université de Genève Département de chi mie minérale, analy- tique et appliquée Genè ve CH",5.61,address unfound
"UNI: Université de Genève Département de chi mie minérale, analytique et appliquée Genève CH",5.61,GE
UNI: Université de Genève Département de pha rmacologie  Genève CH,1.4,GE
UNI: Université de Genève Dépt de Pathologie CMU Genève CH,9.0,GE
UNI: Université de Genève Dépt de physique n ucléaire et corpusculaire Genève CH,3.5,GE
UNI: Université de Genève Dépt. de chimie mi nérale analytique et appliquée Genève CH,7.2,GE
UNI: Université de Genève Faculté de Droit C ETEL Genève CH,3.74,GE
UNI: Université de Genève Faculté de Droit D épt de Droit pénal Genève CH,55.0,GE
UNI: Université de Genève Faculté de Droit Genève CH,7.48,GE
UNI: Université de Genève Faculté de Médecin e  Genève CH,75.122,GE
UNI: Université de Genève Faculté des Scienc es Section de Mathématiques Genève CH,7.2,GE
UNI: Université de Genève Faculté des scienc es Laboratoire de chimie pharmaceutique Genè ve CH,1.4,address unfound
UNI: Université de Genève Institut d'Histoir e de la Reformation  Genève CH,5.61,GE
UNI: Université de Genève Lab. de recherches métaboliques  Genève CH,2.242,GE
UNI: Université de Genève Laboratoire de Bio logie du Vieillissement  CH,3.18,address unfound
UNI: Université de Genève Laboratoires de Re cherches Métaboliques  Genève CH,3.74,GE
UNI: Université de Genève Section de Pharmac ie  Genève CH,2.4,GE
UNI: Université de Genève Section de Physiqu e  Genève CH,48.94,GE
UNI: Université de Kyoto Dépt. de Biophysiqu e  Kyoto J,9.642,address unfound
UNI: Université de Lausanne   Lausanne CH,107.78999999999999,VD
UNI: Université de Lausanne CME  Lausanne CH,1.87,VD
UNI: Université de Lausanne Centre Microscop ie Electronique  Lausanne CH,5.47,VD
UNI: Université de Lausanne Centre de Micros copie Electronique  Lausanne CH,1.87,VD
UNI: Université de Lausanne Faculté des Lett res  Lausanne CH,3.74,VD
UNI: Université de Lausanne Faculté des Scie nces Section de Chimie Lausanne CH,38.04,VD
UNI: Université de Lausanne Institut d'arché ologie et d'histoire ancienne Lausanne CH,5.61,VD
UNI: Université de Lausanne Institut d'étude s politiques et inter- nationales Lausanne C H,2.1,VD
UNI: Université de Lausanne Institut de Bioc himie  Lausanne CH,38.2,VD
UNI: Université de Lausanne Institut de Chim ie  Lausanne CH,2.4,VD
UNI: Université de Lausanne Institut de Chim ie Faculté de Sciences Lausanne CH,50.532,VD
UNI: Université de Lausanne Institut de Chim ie Organique  Lausanne CH,119.9,VD
UNI: Université de Lausanne Institut de Géol ogie et Paléontologie  Lausanne CH,9.350000000000001,VD
UNI: Université de Lausanne Institut de Géol ogie et Pathologie  1015 Lausanne CH,5.61,VD
UNI: Université de Lausanne Institut de Miné ralogie et Pétrographie Lausanne CH,5.61,VD
UNI: Université de Lausanne Institut de Méde cine Légale  Lausanne CH,0.12375,VD
UNI: Université de Lausanne Institut de Phar macologie et de Toxicologie Lausanne CH,27.25,VD
UNI: Université de Lausanne Institut de chim ie minérale et analytique Lausanne CH,9.45,VD
UNI: Université de Lausanne Section de Langu es et Cicilisations Orientales Lausanne CH,5.61,VD
UNI: Université de Lausanne Section de chimi e  Lausanne CH,39.84,VD
UNI: Université de Montréal Faculté des arts et des sciences Dépt de géologie Montréal C DN,22.2,address unfound
UNI: Université de Neuchâtel Centre de reche rche sémiologique  Neuchâtel CH,1.95,NE
UNI: Université de Neuchâtel Faculté de Droi t et des Sciences Economiques Neuchâtel CH,36.0,NE
UNI: Université de Neuchâtel Institut de Mic rotechnique  Neuchâtel CH,10.14,NE
UNI: Université de Neuchâtel Institut de Phy sique  Neuchâtel CH,3.0,NE
UNI: Université de Neuchâtel Institut de Psy chologie  2001 Neuchâtel CH,5.61,NE
UNI: Université de Neuchâtel Institut de bot anique  Neuchâtel CH,26.65,NE
UNI: Université de Paris Centre Universitair e d'Etudes de Communautés Européennes Paris F,5.47,address unfound
UNI: Université de Paris X-Nanterre  Nanterr e F,1.83,address unfound
UNI: Université de Paris XI Lab. de Physique théorique et Hautes énergies Paris F,0.14,address unfound
UNI: Université de Paris-Sorbonne Institut d 'histoire  Paris F,3.43,address unfound
UNI: Université de Paris-Sud    F,57.94,address unfound
UNI: Université de Paris-Sud Laboratoire de Photophysique Moléculaire Orsay F,2.3,address unfound
UNI: Université de Québec INRS - Section Eau Québec CDN,2.2,address unfound
UNI: Université de Rostov   Rostov sur le Do n RUS,2.0,address unfound
UNI: Université de Sherbrooke Service d'immu nologie Facutlé de médecine Sherbrooke CDN,3.477,address unfound
UNI: Universiät Bern Institut for Veterinary Bacteriology  Bern CH,3.0,BE
UNI: Univesity of Western Ontario Astronomy Departement  London CDN,1.663,address unfound
UNI: Uniwersytet Marii Curie- Sklodowskiej Z aklad Filologii Romanskiej Lublin PL,0.795,Institution not in Switzerland
UNI: Uppsala Universitet Department of Neuro science  Uppsala S,144.68,address unfound
UNI: Verkehrshaus Luzern   Luzern CH,1.68,LU
UNI: Ville de Genève Muséum d'histoire natur elle Département d'entomologie Genève CH,6.1,GE
UNI: Vrije Universiteit Sedimentaire Geologi e  Amsterdam NL,56.75,Institution not in Switzerland
UNI: W. & E. Hall Institute of Medical Resea rch  Victoria AUS,2.3,Institution not in Switzerland
UNI: W.E. Upjohn Institute for Employment Re search Kalamazoo USA,4.0,Institution not in Switzerland
UNI: Western Australia University Departemen t of Economics 35 Stirling Highway Crawley A US,6.95,address unfound
UNI: Zentralbibliothek  Zürich CH,1.87,ZH
UNI: Zoological Institute  Neuchâtel CH,7.7,NE
"UPRESA 8052 Département d'Histoire Université de Paris 1, Panthéon-Sorbonne",2.8,address unfound
Unite d'oncologie experimentale CHUV - Université de Lausanne,150.0,VD
Unité Multidisciplinaire de santé des adolescents (UMSA) Centre Hospitalier Universitaire Vaudois,2.2,address unfound
Unité d'Ecologie et Evolution Département de Biologie Université de Fribourg,11.1,FR
Unité d'histoire médiévale Département d'Histoire générale Faculté des Lettres / Université de Genève,6.59,GE
Unité de Développement en Obstétrique Département Gynécologie et Obstétrique Hôpitaux Universitaires de Genève,10.65,GE
Unité de Musicologie Faculté des Lettres Université de Genève,11.34,GE
University Alberta,12.35,Institution not in Switzerland
University of California Center for Studies in Higher Education International & Area Studies,12.0,address unfound
University of Cincinnati Dept. of Classics,11.98,address unfound
University of Tsukuba,1.5,Institution not in Switzerland
University of Washington Dept. of Economics,11.98,address unfound
Università degli Studi di Roma Dipartimento di Filologia Greca e Latina,7.275,address unfound
Università della Svizzera italiana,9.5,address unfound
Universitäre Psychiatrische Dienste Bern Universitäts- u. Poliklinik f. Psychiatrie Abteilung für Psychotherapie,11.55,address unfound
Universität Bern Dept. Volkswirtschaftslehre Bibliothek,9.3,address unfound
Universität Zürich Medizinische Fakultät,180.0,address unfound
"UniversitätsSpital Zürich Molekulare Innere Medizin Medpol, DIM",4.1,address unfound
Universitätsklinik für viszerale Medizin Inselspital Bern,180.0,BE
Universitätsklinik und Poliklinik für Psychiatrie,12.775,address unfound
Université Laval Faculté des lettres,11.775,address unfound
Université de Genève,58.0,GE
Ural State Forest Engineering University,115.0,address unfound
Versuchsstation Eschikon IAS ETH Zürich,3.5,ZH
Visual Computing Group CRS4,0.32,address unfound
WSL - Institut für Schnee- und Lawinenforschung SLF,21.8,address unfound
Watson Institute for International Studies Brown University,11.625,address unfound
Yale University School of Forestry and Environm. Studies,20.36,address unfound
Yale University School of Forestry and Environmental Studies,5.575,address unfound
Zentrum für Business Metrics Universität St. Gallen,5.6,SG
Zentrum für Demokratie Aarau ZDA Universität Zürich,3.3,ZH
Zentrum für Literatur- und Kulturforschung,8.0,address unfound
Zentrum für Molekulare Biolologie Universität Heidelberg (ZMBH),713.88,address unfound
Zoologisches Institut Universität Basel,10.5,BS
Zoologisches Institut Universität Zürich-Irchel,46.0,address unfound
